Unnamed: 0,datetime,precip_mm
1,01/01/2017,NA
2,01/02/2017,NA
3,01/03/2017,NA
4,01/04/2017,NA
5,01/05/2017,NA
6,01/06/2017,NA
7,01/07/2017,NA
8,01/08/2017,NA
9,01/09/2017,NA
10,01/10/2017,NA
11,01/11/2017,NA
12,01/12/2017,NA
13,01/13/2017,NA
14,01/14/2017,NA
15,01/15/2017,NA
16,01/16/2017,NA
17,01/17/2017,NA
18,01/18/2017,NA
19,01/19/2017,NA
20,01/20/2017,NA
21,01/21/2017,NA
22,01/22/2017,NA
23,01/23/2017,NA
24,01/24/2017,NA
25,01/25/2017,NA
26,01/26/2017,NA
27,01/27/2017,NA
28,01/28/2017,NA
29,01/29/2017,NA
30,01/30/2017,NA
31,01/31/2017,NA
32,02/01/2017,NA
33,02/02/2017,NA
34,02/03/2017,NA
35,02/04/2017,NA
36,02/05/2017,NA
37,02/06/2017,NA
38,02/07/2017,NA
39,02/08/2017,NA
40,02/09/2017,NA
41,02/10/2017,NA
42,02/11/2017,NA
43,02/12/2017,NA
44,02/13/2017,NA
45,02/14/2017,NA
46,02/15/2017,NA
47,02/16/2017,NA
48,02/17/2017,NA
49,02/18/2017,NA
50,02/19/2017,NA
51,02/20/2017,NA
52,02/21/2017,NA
53,02/22/2017,NA
54,02/23/2017,NA
55,02/24/2017,NA
56,02/25/2017,NA
57,02/26/2017,NA
58,02/27/2017,NA
59,02/28/2017,NA
60,03/01/2017,NA
61,03/02/2017,NA
62,03/03/2017,NA
63,03/04/2017,NA
64,03/05/2017,NA
65,03/06/2017,NA
66,03/07/2017,NA
67,03/08/2017,NA
68,03/09/2017,NA
69,03/10/2017,NA
70,03/11/2017,NA
71,03/12/2017,NA
72,03/13/2017,NA
73,03/14/2017,NA
74,03/15/2017,NA
75,03/16/2017,NA
76,03/17/2017,NA
77,03/18/2017,NA
78,03/19/2017,NA
79,03/20/2017,NA
80,03/21/2017,NA
81,03/22/2017,NA
82,03/23/2017,NA
83,03/24/2017,NA
84,03/25/2017,NA
85,03/26/2017,NA
86,03/27/2017,NA
87,03/28/2017,NA
88,03/29/2017,NA
89,03/30/2017,NA
90,03/31/2017,NA
91,04/01/2017,NA
92,04/02/2017,NA
93,04/03/2017,NA
94,04/04/2017,NA
95,04/05/2017,NA
96,04/06/2017,NA
97,04/07/2017,NA
98,04/08/2017,NA
99,04/09/2017,NA
100,04/10/2017,NA
101,04/11/2017,NA
102,04/12/2017,NA
103,04/13/2017,NA
104,04/14/2017,NA
105,04/15/2017,NA
106,04/16/2017,NA
107,04/17/2017,NA
108,04/18/2017,NA
109,04/19/2017,NA
110,04/20/2017,NA
111,04/21/2017,NA
112,04/22/2017,NA
113,04/23/2017,NA
114,04/24/2017,NA
115,04/25/2017,NA
116,04/26/2017,NA
117,04/27/2017,NA
118,04/28/2017,NA
119,04/29/2017,NA
120,04/30/2017,NA
121,05/01/2017,NA
122,05/02/2017,NA
123,05/03/2017,NA
124,05/04/2017,NA
125,05/05/2017,NA
126,05/06/2017,NA
127,05/07/2017,NA
128,05/08/2017,NA
129,05/09/2017,NA
130,05/10/2017,NA
131,05/11/2017,NA
132,05/12/2017,NA
133,05/13/2017,NA
134,05/14/2017,NA
135,05/15/2017,NA
136,05/16/2017,NA
137,05/17/2017,NA
138,05/18/2017,NA
139,05/19/2017,NA
140,05/20/2017,NA
141,05/21/2017,NA
142,05/22/2017,NA
143,05/23/2017,NA
144,05/24/2017,NA
145,05/25/2017,NA
146,05/26/2017,NA
147,05/27/2017,NA
148,05/28/2017,NA
149,05/29/2017,NA
150,05/30/2017,NA
151,05/31/2017,NA
152,06/01/2017,NA
153,06/02/2017,NA
154,06/03/2017,NA
155,06/04/2017,NA
156,06/05/2017,NA
157,06/06/2017,NA
158,06/07/2017,NA
159,06/08/2017,NA
160,06/09/2017,NA
161,06/10/2017,NA
162,06/11/2017,NA
163,06/12/2017,NA
164,06/13/2017,NA
165,06/14/2017,NA
166,06/15/2017,NA
167,06/16/2017,NA
168,06/17/2017,NA
169,06/18/2017,NA
170,06/19/2017,NA
171,06/20/2017,NA
172,06/21/2017,NA
173,06/22/2017,NA
174,06/23/2017,NA
175,06/24/2017,NA
176,06/25/2017,NA
177,06/26/2017,NA
178,06/27/2017,NA
179,06/28/2017,NA
180,06/29/2017,NA
181,06/30/2017,NA
182,07/01/2017,NA
183,07/02/2017,NA
184,07/03/2017,NA
185,07/04/2017,NA
186,07/05/2017,NA
187,07/06/2017,NA
188,07/07/2017,NA
189,07/08/2017,NA
190,07/09/2017,NA
191,07/10/2017,NA
192,07/11/2017,NA
193,07/12/2017,NA
194,07/13/2017,NA
195,07/14/2017,NA
196,07/15/2017,NA
197,07/16/2017,NA
198,07/17/2017,NA
199,07/18/2017,NA
200,07/19/2017,NA
201,07/20/2017,NA
202,07/21/2017,NA
203,07/22/2017,NA
204,07/23/2017,NA
205,07/24/2017,NA
206,07/25/2017,NA
207,07/26/2017,NA
208,07/27/2017,NA
209,07/28/2017,NA
210,07/29/2017,NA
211,07/30/2017,NA
212,07/31/2017,NA
213,08/01/2017,NA
214,08/02/2017,NA
215,08/03/2017,NA
216,08/04/2017,NA
217,08/05/2017,NA
218,08/06/2017,NA
219,08/07/2017,NA
220,08/08/2017,NA
221,08/09/2017,NA
222,08/10/2017,NA
223,08/11/2017,NA
224,08/12/2017,NA
225,08/13/2017,NA
226,08/14/2017,NA
227,08/15/2017,NA
228,08/16/2017,NA
229,08/17/2017,NA
230,08/18/2017,NA
231,08/19/2017,NA
232,08/20/2017,NA
233,08/21/2017,NA
234,08/22/2017,NA
235,08/23/2017,NA
236,08/24/2017,0.0
237,08/25/2017,0.18000009719999743
238,08/26/2017,0.06000003239999999
239,08/27/2017,0.5300002862
240,08/28/2017,0.0200000108
241,08/29/2017,0.15000008099999745
242,08/30/2017,0.0200000108
243,08/31/2017,0.0
244,09/01/2017,0.0
245,09/02/2017,0.5300002862
246,09/03/2017,0.06000003239999999
247,09/04/2017,0.6200003347999999
248,09/05/2017,0.0100000054
249,09/06/2017,0.12000006479999999
250,09/07/2017,0.0
251,09/08/2017,0.0200000108
252,09/09/2017,0.0200000108
253,09/10/2017,0.0
254,09/11/2017,0.0
255,09/12/2017,0.0
256,09/13/2017,0.0
257,09/14/2017,0.0
258,09/15/2017,0.0100000054
259,09/16/2017,0.0
260,09/17/2017,0.34000018359999995
261,09/18/2017,0.3300001782
262,09/19/2017,2.0800011231999997
263,09/20/2017,0.0700000378
264,09/21/2017,0.0200000108
265,09/22/2017,0.7900004265999999
266,09/23/2017,2.0400011015999997
267,09/24/2017,0.0700000378
268,09/25/2017,0.200000108
269,09/26/2017,0.4100002213999974
270,09/27/2017,0.35000018899999746
271,09/28/2017,0.0100000054
272,09/29/2017,0.15000008099999745
273,09/30/2017,0.200000108
274,10/01/2017,0.0700000378
275,10/02/2017,0.3800002052
276,10/03/2017,0.750000405
277,10/04/2017,0.0200000108
278,10/05/2017,0.0
279,10/06/2017,0.6300003402
280,10/07/2017,0.0100000054
281,10/08/2017,0.25000013499999996
282,10/09/2017,0.8400004535999973
283,10/10/2017,0.3300001782
284,10/11/2017,1.1200006048
285,10/12/2017,5.5700030078
286,10/13/2017,0.26000014039999997
287,10/14/2017,0.0100000054
288,10/15/2017,0.5100002753999999
289,10/16/2017,2.7300014741999976
290,10/17/2017,0.0
291,10/18/2017,1.8600010044000002
292,10/19/2017,0.800000432
293,10/20/2017,0.0100000054
294,10/21/2017,0.5300002862
295,10/22/2017,0.0
296,10/23/2017,0.550000297
297,10/24/2017,0.06000003239999999
298,10/25/2017,0.0
299,10/26/2017,0.49000026459999996
300,10/27/2017,0.8500004589999999
301,10/28/2017,0.0
302,10/29/2017,4.350002348999997
303,10/30/2017,1.4700007938
304,10/31/2017,0.200000108
305,11/01/2017,0.2300001242
306,11/02/2017,0.0
307,11/03/2017,0.0
308,11/04/2017,0.0
309,11/05/2017,0.0
310,11/06/2017,0.1600000864
311,11/07/2017,0.3600001943999974
312,11/08/2017,0.34000018359999995
313,11/09/2017,0.0700000378
314,11/10/2017,0.0100000054
315,11/11/2017,0.3800002052
316,11/12/2017,0.6600003564
317,11/13/2017,0.12000006479999999
318,11/14/2017,0.35000018899999746
319,11/15/2017,0.0
320,11/16/2017,0.0700000378
321,11/17/2017,0.0800000432
322,11/18/2017,0.030000016199999997
323,11/19/2017,0.1100000594
324,11/20/2017,0.06000003239999999
325,11/21/2017,0.1400000756
326,11/22/2017,2.0800011231999997
327,11/23/2017,2.310001247399997
328,11/24/2017,2.6800014471999996
329,11/25/2017,2.0700011177999973
330,11/26/2017,0.2200001188
331,11/27/2017,0.0
332,11/28/2017,0.9500005129999973
333,11/29/2017,2.1200011448
334,11/30/2017,0.0100000054
335,12/01/2017,0.1600000864
336,12/02/2017,0.7300003941999974
337,12/03/2017,0.4100002213999974
338,12/04/2017,0.0
339,12/05/2017,0.0
340,12/06/2017,0.3600001943999974
341,12/07/2017,1.7700009557999998
342,12/08/2017,0.25000013499999996
343,12/09/2017,0.18000009719999743
344,12/10/2017,0.9800005291999999
345,12/11/2017,0.5600003024
346,12/12/2017,0.06000003239999999
347,12/13/2017,0.5100002753999999
348,12/14/2017,0.7200003887999974
349,12/15/2017,0.0
350,12/16/2017,1.8300009882
351,12/17/2017,1.3300007182
352,12/18/2017,2.1200011448
353,12/19/2017,0.8400004535999973
354,12/20/2017,0.0
355,12/21/2017,0.0200000108
356,12/22/2017,0.0
357,12/23/2017,0.0
358,12/24/2017,0.1600000864
359,12/25/2017,0.0
360,12/26/2017,0.0
361,12/27/2017,0.3600001943999974
362,12/28/2017,0.0200000108
363,12/29/2017,1.4600007883999973
364,12/30/2017,2.3800012851999996
365,12/31/2017,0.0100000054
366,01/01/2018,0.050000027
367,01/02/2018,0.18000009719999743
368,01/03/2018,1.1900006425999998
369,01/04/2018,0.12000006479999999
370,01/05/2018,5.900003186
371,01/06/2018,3.9200021167999997
372,01/07/2018,0.13000007019999998
373,01/08/2018,0.26000014039999997
374,01/09/2018,0.06000003239999999
375,01/10/2018,1.9300010421999998
376,01/11/2018,0.2700001458
377,01/12/2018,0.0100000054
378,01/13/2018,0.0700000378
379,01/14/2018,0.0
380,01/15/2018,0.0
381,01/16/2018,0.3300001782
382,01/17/2018,0.0
383,01/18/2018,0.35000018899999746
384,01/19/2018,0.5700003077999974
385,01/20/2018,0.15000008099999745
386,01/21/2018,1.7500009449999971
387,01/22/2018,1.4700007938
388,01/23/2018,0.06000003239999999
389,01/24/2018,0.6200003347999999
390,01/25/2018,0.29000015659999745
391,01/26/2018,0.8700004697999999
392,01/27/2018,0.1900001026
393,01/28/2018,0.9300005022000001
394,01/29/2018,0.17000009179999997
395,01/30/2018,0.3000001619999974
396,01/31/2018,0.0100000054
397,02/01/2018,0.37000019979999743
398,02/02/2018,0.800000432
399,02/03/2018,0.12000006479999999
400,02/04/2018,0.0400000216
401,02/05/2018,0.650000351
402,02/06/2018,4.180002257199997
403,02/07/2018,7.6200041147999995
404,02/08/2018,6.510003515399997
405,02/09/2018,5.7300030942
406,02/10/2018,1.0000005399999998
407,02/11/2018,0.100000054
408,02/12/2018,0.18000009719999743
409,02/13/2018,0.0
410,02/14/2018,0.030000016199999997
411,02/15/2018,0.09000004859999745
412,02/16/2018,0.0100000054
413,02/17/2018,0.37000019979999743
414,02/18/2018,0.3000001619999974
415,02/19/2018,0.0
416,02/20/2018,0.1400000756
417,02/21/2018,0.050000027
418,02/22/2018,0.4400002376
419,02/23/2018,3.950002133
420,02/24/2018,0.1600000864
421,02/25/2018,0.0700000378
422,02/26/2018,0.650000351
423,02/27/2018,0.06000003239999999
424,02/28/2018,0.0
425,03/01/2018,0.050000027
426,03/02/2018,0.1100000594
427,03/03/2018,0.17000009179999997
428,03/04/2018,0.0400000216
429,03/05/2018,0.26000014039999997
430,03/06/2018,0.1600000864
431,03/07/2018,0.0700000378
432,03/08/2018,0.06000003239999999
433,03/09/2018,0.2200001188
434,03/10/2018,0.1400000756
435,03/11/2018,0.0
436,03/12/2018,0.0
437,03/13/2018,0.0400000216
438,03/14/2018,0.0400000216
439,03/15/2018,0.5800003131999975
440,03/16/2018,0.8900004805999999
441,03/17/2018,1.1700006317999998
442,03/18/2018,0.030000016199999997
443,03/19/2018,0.100000054
444,03/20/2018,1.0700005778
445,03/21/2018,0.4100002213999974
446,03/22/2018,0.34000018359999995
447,03/23/2018,0.0
448,03/24/2018,0.6100003293999999
449,03/25/2018,0.030000016199999997
450,03/26/2018,0.030000016199999997
451,03/27/2018,1.1900006425999998
452,03/28/2018,0.1600000864
453,03/29/2018,0.0
454,03/30/2018,0.0
455,03/31/2018,0.0
456,04/01/2018,0.0
457,04/02/2018,0.15000008099999745
458,04/03/2018,1.6500008909999975
459,04/04/2018,0.6900003725999975
460,04/05/2018,0.050000027
461,04/06/2018,0.0
462,04/07/2018,0.9000004859999999
463,04/08/2018,2.0800011231999997
464,04/09/2018,0.6900003725999975
465,04/10/2018,0.2800001512
466,04/11/2018,0.2800001512
467,04/12/2018,0.06000003239999999
468,04/13/2018,0.29000015659999745
469,04/14/2018,2.350001269
470,04/15/2018,1.6600008964
471,04/16/2018,2.2700012257999997
472,04/17/2018,2.9700016037999997
473,04/18/2018,0.100000054
474,04/19/2018,0.2300001242
475,04/20/2018,0.0
476,04/21/2018,2.0200010908
477,04/22/2018,0.0
478,04/23/2018,0.12000006479999999
479,04/24/2018,0.24000012959999997
480,04/25/2018,0.030000016199999997
481,04/26/2018,0.0
482,04/27/2018,0.5300002862
483,04/28/2018,0.0100000054
484,04/29/2018,0.0200000108
485,04/30/2018,0.0
486,05/01/2018,0.12000006479999999
487,05/02/2018,0.750000405
488,05/03/2018,0.0
489,05/04/2018,0.2800001512
490,05/05/2018,1.1100005994
491,05/06/2018,3.1600017063999997
492,05/07/2018,1.0900005886
493,05/08/2018,0.0800000432
494,05/09/2018,3.2500017549999995
495,05/10/2018,0.3800002052
496,05/11/2018,0.030000016199999997
497,05/12/2018,0.0
498,05/13/2018,0.0
499,05/14/2018,0.0
500,05/15/2018,0.17000009179999997
501,05/16/2018,0.15000008099999745
502,05/17/2018,0.0800000432
503,05/18/2018,0.0200000108
504,05/19/2018,0.200000108
505,05/20/2018,0.0
506,05/21/2018,0.0200000108
507,05/22/2018,0.0
508,05/23/2018,0.0
509,05/24/2018,0.09000004859999745
510,05/25/2018,0.050000027
511,05/26/2018,1.2000006479999974
512,05/27/2018,0.0
513,05/28/2018,0.0
514,05/29/2018,2.5100013553999974
515,05/30/2018,0.0400000216
516,05/31/2018,0.4600002484
517,06/01/2018,0.0
518,06/02/2018,0.09000004859999745
519,06/03/2018,0.030000016199999997
520,06/04/2018,0.0
521,06/05/2018,0.0100000054
522,06/06/2018,0.0
523,06/07/2018,0.030000016199999997
524,06/08/2018,0.100000054
525,06/09/2018,0.0100000054
526,06/10/2018,0.0100000054
527,06/11/2018,0.0
528,06/12/2018,0.0
529,06/13/2018,0.21000011339999744
530,06/14/2018,0.0100000054
531,06/15/2018,0.0200000108
532,06/16/2018,0.0400000216
533,06/17/2018,0.4300002322
534,06/18/2018,0.0
535,06/19/2018,0.0
536,06/20/2018,0.2200001188
537,06/21/2018,0.0
538,06/22/2018,0.8500004589999999
539,06/23/2018,0.25000013499999996
540,06/24/2018,0.0
541,06/25/2018,0.0200000108
542,06/26/2018,0.0
543,06/27/2018,0.0
544,06/28/2018,0.8400004535999973
545,06/29/2018,0.0800000432
546,06/30/2018,0.0100000054
547,07/01/2018,0.0400000216
548,07/02/2018,0.050000027
549,07/03/2018,0.4400002376
550,07/04/2018,1.3200007128
551,07/05/2018,3.6400019655999993
552,07/06/2018,0.6300003402
553,07/07/2018,0.0800000432
554,07/08/2018,0.3600001943999974
555,07/09/2018,0.0
556,07/10/2018,0.0800000432
557,07/11/2018,0.2700001458
558,07/12/2018,0.050000027
559,07/13/2018,0.1600000864
560,07/14/2018,0.100000054
561,07/15/2018,0.29000015659999745
562,07/16/2018,0.48000025919999995
563,07/17/2018,0.0
564,07/18/2018,0.0
565,07/19/2018,0.0
566,07/20/2018,1.0800005832
567,07/21/2018,0.12000006479999999
568,07/22/2018,0.050000027
569,07/23/2018,0.0
570,07/24/2018,0.0
571,07/25/2018,0.0
572,07/26/2018,0.0
573,07/27/2018,0.1100000594
574,07/28/2018,0.0
575,07/29/2018,0.1400000756
576,07/30/2018,0.050000027
577,07/31/2018,0.050000027
578,08/01/2018,0.5800003131999975
579,08/02/2018,0.0100000054
580,08/03/2018,1.0100005454
581,08/04/2018,0.0200000108
582,08/05/2018,0.0
583,08/06/2018,0.0
584,08/07/2018,0.0
585,08/08/2018,0.0
586,08/09/2018,0.2800001512
587,08/10/2018,0.37000019979999743
588,08/11/2018,0.0200000108
589,08/12/2018,0.31000016739999997
590,08/13/2018,0.1900001026
591,08/14/2018,0.13000007019999998
592,08/15/2018,0.6400003456
593,08/16/2018,3.1900017225999995
594,08/17/2018,0.9600005183999999
595,08/18/2018,3.2900017766
596,08/19/2018,0.0
597,08/20/2018,0.030000016199999997
598,08/21/2018,0.17000009179999997
599,08/22/2018,0.0
600,08/23/2018,0.0
601,08/24/2018,0.0
602,08/25/2018,0.0
603,08/26/2018,0.1600000864
604,08/27/2018,0.8300004482
605,08/28/2018,0.0
606,08/29/2018,0.0200000108
607,08/30/2018,0.2700001458
608,08/31/2018,0.100000054
609,09/01/2018,0.030000016199999997
610,09/02/2018,0.2300001242
611,09/03/2018,1.0300005561999999
612,09/04/2018,0.0100000054
613,09/05/2018,0.0700000378
614,09/06/2018,0.0
615,09/07/2018,0.0
616,09/08/2018,0.0
617,09/09/2018,0.0
618,09/10/2018,0.21000011339999744
619,09/11/2018,0.0
620,09/12/2018,0.12000006479999999
621,09/13/2018,2.7300014741999976
622,09/14/2018,0.0
623,09/15/2018,0.0
624,09/16/2018,0.0
625,09/17/2018,0.8200004427999974
626,09/18/2018,0.6200003347999999
627,09/19/2018,1.2700006857999973
628,09/20/2018,0.1400000756
629,09/21/2018,0.0
630,09/22/2018,0.0400000216
631,09/23/2018,0.0800000432
632,09/24/2018,0.0
633,09/25/2018,0.0400000216
634,09/26/2018,0.39000021059999995
635,09/27/2018,0.030000016199999997
636,09/28/2018,0.13000007019999998
637,09/29/2018,0.0
638,09/30/2018,0.5000002699999999
639,10/01/2018,0.35000018899999746
640,10/02/2018,1.1100005994
641,10/03/2018,0.0400000216
642,10/04/2018,0.030000016199999997
643,10/05/2018,0.0
644,10/06/2018,0.0
645,10/07/2018,0.0
646,10/08/2018,0.6400003456
647,10/09/2018,0.2700001458
648,10/10/2018,3.3700018197999997
649,10/11/2018,0.1400000756
650,10/12/2018,0.06000003239999999
651,10/13/2018,0.13000007019999998
652,10/14/2018,0.09000004859999745
653,10/15/2018,0.0
654,10/16/2018,0.13000007019999998
655,10/17/2018,0.6300003402
656,10/18/2018,0.3800002052
657,10/19/2018,2.4300013122
658,10/20/2018,0.9600005183999999
659,10/21/2018,0.5900003185999975
660,10/22/2018,0.34000018359999995
661,10/23/2018,0.0400000216
662,10/24/2018,0.0
663,10/25/2018,0.0
664,10/26/2018,0.0
665,10/27/2018,0.26000014039999997
666,10/28/2018,0.0100000054
667,10/29/2018,0.0
668,10/30/2018,0.0
669,10/31/2018,0.0
670,11/01/2018,0.0100000054
671,11/02/2018,0.2300001242
672,11/03/2018,0.42000022679999743
673,11/04/2018,0.24000012959999997
674,11/05/2018,4.350002348999997
675,11/06/2018,1.6600008964
676,11/07/2018,3.820002062799997
677,11/08/2018,0.3600001943999974
678,11/09/2018,0.0
679,11/10/2018,0.100000054
680,11/11/2018,0.34000018359999995
681,11/12/2018,0.0
682,11/13/2018,0.0
683,11/14/2018,1.4700007938
684,11/15/2018,2.0300010961999972
685,11/16/2018,0.0800000432
686,11/17/2018,1.0300005561999999
687,11/18/2018,0.0
688,11/19/2018,0.030000016199999997
689,11/20/2018,0.0
690,11/21/2018,0.3200001728
691,11/22/2018,0.0200000108
692,11/23/2018,0.0700000378
693,11/24/2018,0.0
694,11/25/2018,0.1100000594
695,11/26/2018,0.8900004805999999
696,11/27/2018,0.2800001512
697,11/28/2018,0.0
698,11/29/2018,0.5700003077999974
699,11/30/2018,0.13000007019999998
700,12/01/2018,0.31000016739999997
701,12/02/2018,0.0
702,12/03/2018,0.0700000378
703,12/04/2018,0.15000008099999745
704,12/05/2018,0.31000016739999997
705,12/06/2018,0.0200000108
706,12/07/2018,1.3200007128
707,12/08/2018,1.50000081
708,12/09/2018,2.650001430999997
709,12/10/2018,5.920003196799997
710,12/11/2018,1.8700010098
711,12/12/2018,0.4600002484
712,12/13/2018,0.0
713,12/14/2018,0.0100000054
714,12/15/2018,0.050000027
715,12/16/2018,0.3000001619999974
716,12/17/2018,0.0100000054
717,12/18/2018,0.0
718,12/19/2018,0.0
719,12/20/2018,0.7700004158
720,12/21/2018,0.1100000594
721,12/22/2018,0.4700002538
722,12/23/2018,1.2800006912
723,12/24/2018,1.8900010205999997
724,12/25/2018,0.31000016739999997
725,12/26/2018,0.550000297
726,12/27/2018,1.6100008693999999
727,12/28/2018,0.6300003402
728,12/29/2018,0.34000018359999995
729,12/30/2018,0.17000009179999997
730,12/31/2018,0.0
731,01/01/2019,1.5300008261999998
732,01/02/2019,1.100000594
733,01/03/2019,0.0
734,01/04/2019,0.0
735,01/05/2019,0.3000001619999974
736,01/06/2019,0.1400000756
737,01/07/2019,2.9700016037999997
738,01/08/2019,0.2700001458
739,01/09/2019,0.0100000054
740,01/10/2019,0.31000016739999997
741,01/11/2019,0.37000019979999743
742,01/12/2019,0.1100000594
743,01/13/2019,0.24000012959999997
744,01/14/2019,0.2700001458
745,01/15/2019,0.6200003347999999
746,01/16/2019,0.0800000432
747,01/17/2019,0.06000003239999999
748,01/18/2019,1.3700007398
749,01/19/2019,0.0200000108
750,01/20/2019,0.17000009179999997
751,01/21/2019,0.1400000756
752,01/22/2019,0.0100000054
753,01/23/2019,0.45000024299999997
754,01/24/2019,0.37000019979999743
755,01/25/2019,0.18000009719999743
756,01/26/2019,1.4400007775999972
757,01/27/2019,0.4400002376
758,01/28/2019,0.0
759,01/29/2019,0.0
760,01/30/2019,0.0
761,01/31/2019,0.0
762,02/01/2019,0.0
763,02/02/2019,0.09000004859999745
764,02/03/2019,0.6900003725999975
765,02/04/2019,2.2600012203999973
766,02/05/2019,0.1100000594
767,02/06/2019,0.0
768,02/07/2019,0.2200001188
769,02/08/2019,0.0
770,02/09/2019,0.3200001728
771,02/10/2019,0.5000002699999999
772,02/11/2019,1.4900008046
773,02/12/2019,0.0
774,02/13/2019,0.0
775,02/14/2019,0.0
776,02/15/2019,0.35000018899999746
777,02/16/2019,0.1400000756
778,02/17/2019,0.2200001188
779,02/18/2019,0.1400000756
780,02/19/2019,0.0200000108
781,02/20/2019,1.2400006695999999
782,02/21/2019,0.1900001026
783,02/22/2019,5.350002888999997
784,02/23/2019,3.2700017657999974
785,02/24/2019,0.5200002807999999
786,02/25/2019,4.7800025812
787,02/26/2019,2.8200015227999975
788,02/27/2019,0.650000351
789,02/28/2019,0.4600002484
790,03/01/2019,0.5300002862
791,03/02/2019,0.100000054
792,03/03/2019,0.0
793,03/04/2019,0.1400000756
794,03/05/2019,0.25000013499999996
795,03/06/2019,0.200000108
796,03/07/2019,0.030000016199999997
797,03/08/2019,0.200000108
798,03/09/2019,0.0
799,03/10/2019,0.0
800,03/11/2019,0.200000108
801,03/12/2019,0.0
802,03/13/2019,0.8100004373999999
803,03/14/2019,0.9600005183999999
804,03/15/2019,0.0
805,03/16/2019,0.0
806,03/17/2019,0.29000015659999745
807,03/18/2019,0.0
808,03/19/2019,0.8900004805999999
809,03/20/2019,1.0600005724
810,03/21/2019,0.4300002322
811,03/22/2019,0.35000018899999746
812,03/23/2019,0.0
813,03/24/2019,0.1400000756
814,03/25/2019,0.3800002052
815,03/26/2019,0.7200003887999974
816,03/27/2019,0.0200000108
817,03/28/2019,0.0
818,03/29/2019,0.0
819,03/30/2019,0.0
820,03/31/2019,0.0
821,04/01/2019,0.09000004859999745
822,04/02/2019,1.0900005886
823,04/03/2019,0.0100000054
824,04/04/2019,0.0100000054
825,04/05/2019,0.0
826,04/06/2019,0.06000003239999999
827,04/07/2019,0.1600000864
828,04/08/2019,0.0
829,04/09/2019,0.5900003185999975
830,04/10/2019,0.0700000378
831,04/11/2019,0.0
832,04/12/2019,0.0200000108
833,04/13/2019,0.0
834,04/14/2019,0.4400002376
835,04/15/2019,0.0
836,04/16/2019,0.100000054
837,04/17/2019,0.1400000756
838,04/18/2019,0.1900001026
839,04/19/2019,0.8300004482
840,04/20/2019,0.17000009179999997
841,04/21/2019,0.35000018899999746
842,04/22/2019,0.5400002916
843,04/23/2019,0.100000054
844,04/24/2019,0.0100000054
845,04/25/2019,0.6400003456
846,04/26/2019,2.5300013661999974
847,04/27/2019,0.0
848,04/28/2019,0.7400003995999974
849,04/29/2019,0.12000006479999999
850,04/30/2019,0.12000006479999999
851,05/01/2019,0.13000007019999998
852,05/02/2019,0.1900001026
853,05/03/2019,2.2600012203999973
854,05/04/2019,1.3100007074
855,05/05/2019,0.09000004859999745
856,05/06/2019,0.0
857,05/07/2019,0.7300003941999974
858,05/08/2019,2.6800014471999996
859,05/09/2019,0.0400000216
860,05/10/2019,1.9700010637999996
861,05/11/2019,0.4600002484
862,05/12/2019,1.2700006857999973
863,05/13/2019,2.0500011069999973
864,05/14/2019,0.7400003995999974
865,05/15/2019,0.0100000054
866,05/16/2019,1.2900006966
867,05/17/2019,0.3600001943999974
868,05/18/2019,0.25000013499999996
869,05/19/2019,0.15000008099999745
870,05/20/2019,0.0100000054
871,05/21/2019,0.0
872,05/22/2019,0.0
873,05/23/2019,0.0100000054
874,05/24/2019,0.0
875,05/25/2019,0.0
876,05/26/2019,0.6400003456
877,05/27/2019,0.5700003077999974
878,05/28/2019,0.25000013499999996
879,05/29/2019,0.12000006479999999
880,05/30/2019,0.550000297
881,05/31/2019,0.0
882,06/01/2019,0.0
883,06/02/2019,0.0
884,06/03/2019,0.1100000594
885,06/04/2019,0.2200001188
886,06/05/2019,0.06000003239999999
887,06/06/2019,0.0
888,06/07/2019,0.0
889,06/08/2019,0.0800000432
890,06/09/2019,0.2700001458
891,06/10/2019,0.21000011339999744
892,06/11/2019,2.7200014687999996
893,06/12/2019,0.200000108
894,06/13/2019,0.0100000054
895,06/14/2019,0.0
896,06/15/2019,0.0700000378
897,06/16/2019,0.25000013499999996
898,06/17/2019,0.2300001242
899,06/18/2019,0.0700000378
900,06/19/2019,0.0100000054
901,06/20/2019,0.0100000054
902,06/21/2019,0.2200001188
903,06/22/2019,0.050000027
904,06/23/2019,0.0
905,06/24/2019,0.0200000108
906,06/25/2019,0.1100000594
907,06/26/2019,0.0400000216
908,06/27/2019,0.0
909,06/28/2019,0.5200002807999999
910,06/29/2019,0.34000018359999995
911,06/30/2019,0.0200000108
912,07/01/2019,0.4300002322
913,07/02/2019,0.3200001728
914,07/03/2019,0.2300001242
915,07/04/2019,0.200000108
916,07/05/2019,0.12000006479999999
917,07/06/2019,0.26000014039999997
918,07/07/2019,0.4700002538
919,07/08/2019,0.0
920,07/09/2019,0.0
921,07/10/2019,0.1100000594
922,07/11/2019,0.0200000108
923,07/12/2019,0.0100000054
924,07/13/2019,0.06000003239999999
925,07/14/2019,0.9300005022000001
926,07/15/2019,0.09000004859999745
927,07/16/2019,0.0200000108
928,07/17/2019,0.0200000108
929,07/18/2019,0.3800002052
930,07/19/2019,0.030000016199999997
931,07/20/2019,0.0
932,07/21/2019,0.0100000054
933,07/22/2019,3.510001895399997
934,07/23/2019,1.2100006533999998
935,07/24/2019,0.5300002862
936,07/25/2019,0.200000108
937,07/26/2019,4.450002402999999
938,07/27/2019,1.50000081
939,07/28/2019,0.3800002052
940,07/29/2019,0.39000021059999995
941,07/30/2019,0.0
942,07/31/2019,0.0
943,08/01/2019,0.0
944,08/02/2019,0.0200000108
945,08/03/2019,0.0800000432
946,08/04/2019,0.0
947,08/05/2019,0.45000024299999997
948,08/06/2019,0.29000015659999745
949,08/07/2019,0.0
950,08/08/2019,0.0
951,08/09/2019,0.0
952,08/10/2019,0.0
953,08/11/2019,0.37000019979999743
954,08/12/2019,0.1400000756
955,08/13/2019,0.0200000108
956,08/14/2019,0.0
957,08/15/2019,1.1500006209999973
958,08/16/2019,2.8700015497999996
959,08/17/2019,0.6000003239999974
960,08/18/2019,0.35000018899999746
961,08/19/2019,0.8500004589999999
962,08/20/2019,0.0
963,08/21/2019,0.050000027
964,08/22/2019,0.21000011339999744
965,08/23/2019,0.0
966,08/24/2019,0.0
967,08/25/2019,0.26000014039999997
968,08/26/2019,0.0
969,08/27/2019,0.030000016199999997
970,08/28/2019,0.0
971,08/29/2019,0.0
972,08/30/2019,0.09000004859999745
973,08/31/2019,0.3000001619999974
974,09/01/2019,0.0
975,09/02/2019,0.0
976,09/03/2019,0.06000003239999999
977,09/04/2019,0.18000009719999743
978,09/05/2019,0.6800003671999999
979,09/06/2019,0.34000018359999995
980,09/07/2019,0.29000015659999745
981,09/08/2019,0.0
982,09/09/2019,0.0
983,09/10/2019,0.0
984,09/11/2019,0.0
985,09/12/2019,0.6000003239999974
986,09/13/2019,0.17000009179999997
987,09/14/2019,0.0
988,09/15/2019,0.0
989,09/16/2019,0.0
990,09/17/2019,0.0
991,09/18/2019,0.0
992,09/19/2019,0.0
993,09/20/2019,0.0
994,09/21/2019,0.030000016199999997
995,09/22/2019,0.6600003564
996,09/23/2019,0.1900001026
997,09/24/2019,1.4900008046
998,09/25/2019,1.0800005832
999,09/26/2019,0.0
1000,09/27/2019,0.0200000108
1001,09/28/2019,0.0
1002,09/29/2019,0.0
1003,09/30/2019,0.0
1004,10/01/2019,0.0
1005,10/02/2019,0.0
1006,10/03/2019,0.0
1007,10/04/2019,0.0
1008,10/05/2019,0.1400000756
1009,10/06/2019,0.29000015659999745
1010,10/07/2019,0.0
1011,10/08/2019,0.09000004859999745
1012,10/09/2019,1.5200008208
1013,10/10/2019,0.0800000432
1014,10/11/2019,0.24000012959999997
1015,10/12/2019,0.0
1016,10/13/2019,0.0
1017,10/14/2019,0.0100000054
1018,10/15/2019,0.17000009179999997
1019,10/16/2019,3.1200016847999996
1020,10/17/2019,0.0100000054
1021,10/18/2019,1.0200005507999998
1022,10/19/2019,0.39000021059999995
1023,10/20/2019,0.12000006479999999
1024,10/21/2019,0.2700001458
1025,10/22/2019,0.0200000108
1026,10/23/2019,0.2300001242
1027,10/24/2019,0.0
1028,10/25/2019,0.0
1029,10/26/2019,0.2300001242
1030,10/27/2019,1.9200010367999998
1031,10/28/2019,0.8200004427999974
1032,10/29/2019,0.1600000864
1033,10/30/2019,0.7800004211999999
1034,10/31/2019,0.18000009719999743
1035,11/01/2019,0.21000011339999744
1036,11/02/2019,0.5100002753999999
1037,11/03/2019,0.0
1038,11/04/2019,1.0500005669999999
1039,11/05/2019,0.12000006479999999
1040,11/06/2019,0.0100000054
1041,11/07/2019,0.050000027
1042,11/08/2019,0.15000008099999745
1043,11/09/2019,0.0700000378
1044,11/10/2019,0.0
1045,11/11/2019,0.0
1046,11/12/2019,0.0
1047,11/13/2019,0.0
1048,11/14/2019,0.030000016199999997
1049,11/15/2019,0.0
1050,11/16/2019,0.0
1051,11/17/2019,0.0
1052,11/18/2019,0.29000015659999745
1053,11/19/2019,0.0
1054,11/20/2019,0.0200000108
1055,11/21/2019,0.0100000054
1056,11/22/2019,2.5100013553999974
1057,11/23/2019,0.8200004427999974
1058,11/24/2019,0.0
1059,11/25/2019,0.0700000378
1060,11/26/2019,0.7000003779999975
1061,11/27/2019,0.0
1062,11/28/2019,0.0
1063,11/29/2019,0.0
1064,11/30/2019,2.5500013769999974
1065,12/01/2019,0.0400000216
1066,12/02/2019,0.0100000054
1067,12/03/2019,0.2300001242
1068,12/04/2019,0.0
1069,12/05/2019,0.45000024299999997
1070,12/06/2019,0.100000054
1071,12/07/2019,0.13000007019999998
1072,12/08/2019,0.37000019979999743
1073,12/09/2019,2.8100015174
1074,12/10/2019,0.12000006479999999
1075,12/11/2019,0.0
1076,12/12/2019,0.550000297
1077,12/13/2019,0.0100000054
1078,12/14/2019,0.0
1079,12/15/2019,0.6700003617999999
1080,12/16/2019,0.8200004427999974
1081,12/17/2019,0.6100003293999999
1082,12/18/2019,0.2300001242
1083,12/19/2019,0.2300001242
1084,12/20/2019,0.26000014039999997
1085,12/21/2019,0.0
1086,12/22/2019,0.5900003185999975
1087,12/23/2019,0.7800004211999999
1088,12/24/2019,4.3600023544
1089,12/25/2019,0.050000027
1090,12/26/2019,0.9900005345999974
1091,12/27/2019,0.8400004535999973
1092,12/28/2019,1.3200007128
1093,12/29/2019,2.2800012311999973
1094,12/30/2019,0.1900001026
1095,12/31/2019,2.2300012041999997
1096,01/01/2020,0.050000027
1097,01/02/2020,0.06000003239999999
1098,01/03/2020,0.13000007019999998
1099,01/04/2020,0.0
1100,01/05/2020,0.0
1101,01/06/2020,0.0
1102,01/07/2020,0.17000009179999997
1103,01/08/2020,0.100000054
1104,01/09/2020,0.3000001619999974
1105,01/10/2020,0.25000013499999996
1106,01/11/2020,0.26000014039999997
1107,01/12/2020,1.9800010691999974
1108,01/13/2020,1.0000005399999998
1109,01/14/2020,0.0
1110,01/15/2020,0.8400004535999973
1111,01/16/2020,3.9400021275999992
1112,01/17/2020,1.1200006048
1113,01/18/2020,1.1700006317999998
1114,01/19/2020,0.6700003617999999
1115,01/20/2020,2.3300012582
1116,01/21/2020,1.1700006317999998
1117,01/22/2020,1.1900006425999998
1118,01/23/2020,3.0700016577999976
1119,01/24/2020,0.1900001026
1120,01/25/2020,0.3800002052
1121,01/26/2020,0.0800000432
1122,01/27/2020,0.0400000216
1123,01/28/2020,0.200000108
1124,01/29/2020,0.4600002484
1125,01/30/2020,0.18000009719999743
1126,01/31/2020,0.1600000864
1127,02/01/2020,0.3800002052
1128,02/02/2020,0.0
1129,02/03/2020,0.13000007019999998
1130,02/04/2020,0.0
1131,02/05/2020,1.350000729
1132,02/06/2020,1.2800006912
1133,02/07/2020,2.8200015227999975
1134,02/08/2020,0.2200001188
1135,02/09/2020,0.4300002322
1136,02/10/2020,0.9300005022000001
1137,02/11/2020,1.9100010313999976
1138,02/12/2020,0.0700000378
1139,02/13/2020,2.1300011501999974
1140,02/14/2020,0.1100000594
1141,02/15/2020,1.0500005669999999
1142,02/16/2020,3.0800016632
1143,02/17/2020,2.4300013122
1144,02/18/2020,1.6900009126
1145,02/19/2020,2.4200013067999997
1146,02/20/2020,1.9400010475999971
1147,02/21/2020,0.5900003185999975
1148,02/22/2020,2.7100014634
1149,02/23/2020,0.1100000594
1150,02/24/2020,0.4100002213999974
1151,02/25/2020,0.200000108
1152,02/26/2020,0.0200000108
1153,02/27/2020,1.1500006209999973
1154,02/28/2020,0.25000013499999996
1155,02/29/2020,0.0
1156,03/01/2020,0.0100000054
1157,03/02/2020,0.0
1158,03/03/2020,0.06000003239999999
1159,03/04/2020,1.6900009126
1160,03/05/2020,0.37000019979999743
1161,03/06/2020,0.8500004589999999
1162,03/07/2020,0.26000014039999997
1163,03/08/2020,0.1100000594
1164,03/09/2020,0.0
1165,03/10/2020,0.0
1166,03/11/2020,0.2800001512
1167,03/12/2020,0.15000008099999745
1168,03/13/2020,0.0800000432
1169,03/14/2020,0.0
1170,03/15/2020,0.0
1171,03/16/2020,0.030000016199999997
1172,03/17/2020,0.0200000108
1173,03/18/2020,0.0
1174,03/19/2020,0.0200000108
1175,03/20/2020,0.1600000864
1176,03/21/2020,0.6400003456
1177,03/22/2020,1.0500005669999999
1178,03/23/2020,0.7400003995999974
1179,03/24/2020,0.21000011339999744
1180,03/25/2020,0.8400004535999973
1181,03/26/2020,2.9400015876
1182,03/27/2020,0.3600001943999974
1183,03/28/2020,0.12000006479999999
1184,03/29/2020,0.0
1185,03/30/2020,0.0400000216
1186,03/31/2020,0.0
1187,04/01/2020,0.0
1188,04/02/2020,0.200000108
1189,04/03/2020,0.1900001026
1190,04/04/2020,0.9800005291999999
1191,04/05/2020,0.0800000432
1192,04/06/2020,1.100000594
1193,04/07/2020,1.4100007613999974
1194,04/08/2020,1.5100008153999998
1195,04/09/2020,2.9300015821999996
1196,04/10/2020,0.5400002916
1197,04/11/2020,0.25000013499999996
1198,04/12/2020,0.0800000432
1199,04/13/2020,0.5200002807999999
1200,04/14/2020,0.5200002807999999
1201,04/15/2020,0.100000054
1202,04/16/2020,0.0
1203,04/17/2020,0.0100000054
1204,04/18/2020,1.5500008369999974
1205,04/19/2020,0.100000054
1206,04/20/2020,0.06000003239999999
1207,04/21/2020,0.29000015659999745
1208,04/22/2020,0.2200001188
1209,04/23/2020,0.0
1210,04/24/2020,0.09000004859999745
1211,04/25/2020,0.21000011339999744
1212,04/26/2020,0.25000013499999996
1213,04/27/2020,0.6200003347999999
1214,04/28/2020,0.6600003564
1215,04/29/2020,1.50000081
1216,04/30/2020,0.06000003239999999
1217,05/01/2020,0.15000008099999745
1218,05/02/2020,0.0100000054
1219,05/03/2020,0.0
1220,05/04/2020,0.6400003456
1221,05/05/2020,0.0
1222,05/06/2020,0.09000004859999745
1223,05/07/2020,0.18000009719999743
1224,05/08/2020,0.0
1225,05/09/2020,0.6800003671999999
1226,05/10/2020,0.0
1227,05/11/2020,0.0
1228,05/12/2020,0.0200000108
1229,05/13/2020,0.0100000054
1230,05/14/2020,0.0200000108
1231,05/15/2020,0.8400004535999973
1232,05/16/2020,0.0100000054
1233,05/17/2020,0.0
1234,05/18/2020,0.0
1235,05/19/2020,3.200001728
1236,05/20/2020,0.39000021059999995
1237,05/21/2020,0.2800001512
1238,05/22/2020,0.0
1239,05/23/2020,0.0
1240,05/24/2020,0.0
1241,05/25/2020,0.0700000378
1242,05/26/2020,0.200000108
1243,05/27/2020,1.1100005994
1244,05/28/2020,0.06000003239999999
1245,05/29/2020,0.2200001188
1246,05/30/2020,0.21000011339999744
1247,05/31/2020,0.6000003239999974
1248,06/01/2020,0.6000003239999974
1249,06/02/2020,0.0200000108
1250,06/03/2020,0.1600000864
1251,06/04/2020,0.0
1252,06/05/2020,0.0
1253,06/06/2020,0.3300001782
1254,06/07/2020,0.0
1255,06/08/2020,0.0100000054
1256,06/09/2020,0.0200000108
1257,06/10/2020,0.1600000864
1258,06/11/2020,0.7400003995999974
1259,06/12/2020,0.2200001188
1260,06/13/2020,0.3300001782
1261,06/14/2020,0.2800001512
1262,06/15/2020,0.0100000054
1263,06/16/2020,0.0
1264,06/17/2020,0.0
1265,06/18/2020,0.5900003185999975
1266,06/19/2020,6.5300035262
1267,06/20/2020,2.7800015011999974
1268,06/21/2020,2.3400012635999996
1269,06/22/2020,0.7900004265999999
1270,06/23/2020,0.030000016199999997
1271,06/24/2020,0.550000297
1272,06/25/2020,0.3000001619999974
1273,06/26/2020,3.0700016577999976
1274,06/27/2020,0.2700001458
1275,06/28/2020,0.200000108
1276,06/29/2020,0.5600003024
1277,06/30/2020,0.0100000054
1278,07/01/2020,NA
1279,07/02/2020,NA
1280,07/03/2020,NA
1281,07/04/2020,NA
1282,07/05/2020,NA
1283,07/06/2020,NA
1284,07/07/2020,NA
1285,07/08/2020,NA
1286,07/09/2020,NA
1287,07/10/2020,NA
1288,07/11/2020,NA
1289,07/12/2020,NA
1290,07/13/2020,NA
1291,07/14/2020,NA
1292,07/15/2020,NA
1293,07/16/2020,NA
1294,07/17/2020,0.42000022679999743
1295,07/18/2020,0.0
1296,07/19/2020,0.0
1297,07/20/2020,0.0
1298,07/21/2020,0.0
1299,07/22/2020,0.09000004859999745
1300,07/23/2020,0.35000018899999746
1301,07/24/2020,0.0400000216
1302,07/25/2020,0.0200000108
1303,07/26/2020,0.8800004752
1304,07/27/2020,0.3000001619999974
1305,07/28/2020,2.1700011717999974
1306,07/29/2020,0.12000006479999999
1307,07/30/2020,0.050000027
1308,07/31/2020,1.1300006101999975
1309,08/01/2020,0.21000011339999744
1310,08/02/2020,0.09000004859999745
1311,08/03/2020,0.0200000108
1312,08/04/2020,0.0100000054
1313,08/05/2020,0.0400000216
1314,08/06/2020,0.0200000108
1315,08/07/2020,0.0
1316,08/08/2020,2.0800011231999997
1317,08/09/2020,0.2700001458
1318,08/10/2020,0.0
1319,08/11/2020,0.5900003185999975
1320,08/12/2020,0.6000003239999974
1321,08/13/2020,0.0200000108
1322,08/14/2020,0.0
1323,08/15/2020,0.5700003077999974
1324,08/16/2020,1.3300007182
1325,08/17/2020,1.8100009773999999
1326,08/18/2020,0.18000009719999743
1327,08/19/2020,0.2300001242
1328,08/20/2020,0.21000011339999744
1329,08/21/2020,0.1900001026
1330,08/22/2020,0.0700000378
1331,08/23/2020,0.26000014039999997
1332,08/24/2020,0.0100000054
1333,08/25/2020,0.0
1334,08/26/2020,0.0
1335,08/27/2020,0.0
1336,08/28/2020,0.5800003131999975
1337,08/29/2020,0.4100002213999974
1338,08/30/2020,0.0
1339,08/31/2020,0.12000006479999999
1340,09/01/2020,0.2700001458
1341,09/02/2020,2.1100011394
1342,09/03/2020,0.34000018359999995
1343,09/04/2020,0.6600003564
1344,09/05/2020,1.3300007182
1345,09/06/2020,0.21000011339999744
1346,09/07/2020,1.0600005724
1347,09/08/2020,0.6900003725999975
1348,09/09/2020,0.6600003564
1349,09/10/2020,0.0100000054
1350,09/11/2020,0.0
1351,09/12/2020,0.0
1352,09/13/2020,0.18000009719999743
1353,09/14/2020,0.6700003617999999
1354,09/15/2020,0.6700003617999999
1355,09/16/2020,0.3000001619999974
1356,09/17/2020,0.0
1357,09/18/2020,0.0
1358,09/19/2020,0.5300002862
1359,09/20/2020,0.21000011339999744
1360,09/21/2020,1.7900009666
1361,09/22/2020,1.3200007128
1362,09/23/2020,0.0
1363,09/24/2020,0.0
1364,09/25/2020,0.39000021059999995
1365,09/26/2020,0.400000216
1366,09/27/2020,0.5300002862
1367,09/28/2020,0.030000016199999997
1368,09/29/2020,0.0
1369,09/30/2020,0.4300002322
1370,10/01/2020,0.0400000216
1371,10/02/2020,0.3000001619999974
1372,10/03/2020,0.3200001728
1373,10/04/2020,0.200000108
1374,10/05/2020,1.1200006048
1375,10/06/2020,0.050000027
1376,10/07/2020,0.4700002538
1377,10/08/2020,1.4800007991999973
1378,10/09/2020,1.8200009827999997
1379,10/10/2020,0.0200000108
1380,10/11/2020,0.0700000378
1381,10/12/2020,0.0
1382,10/13/2020,0.12000006479999999
1383,10/14/2020,1.4600007883999973
1384,10/15/2020,0.5000002699999999
1385,10/16/2020,2.880001555199997
1386,10/17/2020,0.050000027
1387,10/18/2020,0.0
1388,10/19/2020,0.1100000594
1389,10/20/2020,0.0800000432
1390,10/21/2020,0.3000001619999974
1391,10/22/2020,0.0
1392,10/23/2020,0.42000022679999743
1393,10/24/2020,5.310002867399997
1394,10/25/2020,0.6700003617999999
1395,10/26/2020,0.050000027
1396,10/27/2020,0.34000018359999995
1397,10/28/2020,0.3600001943999974
1398,10/29/2020,2.2100011933999975
1399,10/30/2020,0.09000004859999745
1400,10/31/2020,0.1600000864
1401,11/01/2020,0.06000003239999999
1402,11/02/2020,0.0100000054
1403,11/03/2020,0.0100000054
1404,11/04/2020,3.5800019332
1405,11/05/2020,0.13000007019999998
1406,11/06/2020,0.0
1407,11/07/2020,0.1600000864
1408,11/08/2020,2.7800015011999974
1409,11/09/2020,0.5600003024
1410,11/10/2020,0.12000006479999999
1411,11/11/2020,2.850001539
1412,11/12/2020,0.050000027
1413,11/13/2020,0.7600004104
1414,11/14/2020,0.1400000756
1415,11/15/2020,0.48000025919999995
1416,11/16/2020,0.4600002484
1417,11/17/2020,0.0100000054
1418,11/18/2020,0.3000001619999974
1419,11/19/2020,1.2800006912
1420,11/20/2020,0.8700004697999999
1421,11/21/2020,1.3400007235999998
1422,11/22/2020,0.9900005345999974
1423,11/23/2020,0.7800004211999999
1424,11/24/2020,0.0
1425,11/25/2020,0.0
1426,11/26/2020,0.0
1427,11/27/2020,0.0
1428,11/28/2020,0.0100000054
1429,11/29/2020,0.0
1430,11/30/2020,0.0800000432
1431,12/01/2020,0.35000018899999746
1432,12/02/2020,0.2300001242
1433,12/03/2020,0.3200001728
1434,12/04/2020,0.1600000864
1435,12/05/2020,0.5000002699999999
1436,12/06/2020,0.3800002052
1437,12/07/2020,0.3800002052
1438,12/08/2020,1.100000594
1439,12/09/2020,0.1600000864
1440,12/10/2020,0.3200001728
1441,12/11/2020,0.0700000378
1442,12/12/2020,5.380002905199997
1443,12/13/2020,0.5000002699999999
1444,12/14/2020,0.0100000054
1445,12/15/2020,0.550000297
1446,12/16/2020,2.4900013445999996
1447,12/17/2020,0.9100004913999998
1448,12/18/2020,0.0
1449,12/19/2020,0.0700000378
1450,12/20/2020,1.3600007343999998
1451,12/21/2020,0.0
1452,12/22/2020,0.050000027
1453,12/23/2020,0.0800000432
1454,12/24/2020,0.0400000216
1455,12/25/2020,0.030000016199999997
1456,12/26/2020,0.030000016199999997
1457,12/27/2020,0.31000016739999997
1458,12/28/2020,0.0
1459,12/29/2020,0.0
1460,12/30/2020,0.0800000432
1461,12/31/2020,0.0
1462,01/01/2021,1.1700006317999998
1463,01/02/2021,2.1800011772
1464,01/03/2021,0.0
1465,01/04/2021,0.0800000432
1466,01/05/2021,0.9100004913999998
1467,01/06/2021,0.35000018899999746
1468,01/07/2021,0.0
1469,01/08/2021,0.0800000432
1470,01/09/2021,0.0200000108
1471,01/10/2021,0.12000006479999999
1472,01/11/2021,0.0
1473,01/12/2021,0.030000016199999997
1474,01/13/2021,0.34000018359999995
1475,01/14/2021,0.0700000378
1476,01/15/2021,0.0
1477,01/16/2021,0.1100000594
1478,01/17/2021,0.17000009179999997
1479,01/18/2021,0.06000003239999999
1480,01/19/2021,0.2300001242
1481,01/20/2021,0.1100000594
1482,01/21/2021,0.34000018359999995
1483,01/22/2021,0.12000006479999999
1484,01/23/2021,0.18000009719999743
1485,01/24/2021,1.0000005399999998
1486,01/25/2021,1.5300008261999998
1487,01/26/2021,1.6900009126
1488,01/27/2021,4.100002213999997
1489,01/28/2021,0.5200002807999999
1490,01/29/2021,0.4400002376
1491,01/30/2021,0.0
1492,01/31/2021,0.0
1493,02/01/2021,0.050000027
1494,02/02/2021,0.0200000108
1495,02/03/2021,1.5600008423999998
1496,02/04/2021,1.6700009017999997
1497,02/05/2021,6.540003531599997
1498,02/06/2021,0.3300001782
1499,02/07/2021,0.0
1500,02/08/2021,0.0200000108
1501,02/09/2021,0.5000002699999999
1502,02/10/2021,0.0100000054
1503,02/11/2021,0.21000011339999744
1504,02/12/2021,1.2100006533999998
1505,02/13/2021,0.15000008099999745
1506,02/14/2021,0.050000027
1507,02/15/2021,0.37000019979999743
1508,02/16/2021,0.0700000378
1509,02/17/2021,0.21000011339999744
1510,02/18/2021,1.0600005724
1511,02/19/2021,0.1900001026
1512,02/20/2021,0.050000027
1513,02/21/2021,2.1900011825999997
1514,02/22/2021,6.350003428999997
1515,02/23/2021,0.1100000594
1516,02/24/2021,0.7100003833999974
1517,02/25/2021,0.400000216
1518,02/26/2021,0.34000018359999995
1519,02/27/2021,0.0
1520,02/28/2021,0.0
1521,03/01/2021,0.0
1522,03/02/2021,0.0
1523,03/03/2021,0.0
1524,03/04/2021,0.0
1525,03/05/2021,0.0
1526,03/06/2021,0.0
1527,03/07/2021,0.0
1528,03/08/2021,0.8900004805999999
1529,03/09/2021,0.12000006479999999
1530,03/10/2021,0.0100000054
1531,03/11/2021,0.35000018899999746
1532,03/12/2021,0.0
1533,03/13/2021,0.0
1534,03/14/2021,0.0
1535,03/15/2021,0.5000002699999999
1536,03/16/2021,1.100000594
1537,03/17/2021,0.39000021059999995
1538,03/18/2021,0.6100003293999999
1539,03/19/2021,0.8700004697999999
1540,03/20/2021,1.0400005615999999
1541,03/21/2021,0.0100000054
1542,03/22/2021,0.0
1543,03/23/2021,0.0200000108
1544,03/24/2021,0.5800003131999975
1545,03/25/2021,0.0800000432
1546,03/26/2021,0.1600000864
1547,03/27/2021,0.2300001242
1548,03/28/2021,0.800000432
1549,03/29/2021,0.06000003239999999
1550,03/30/2021,0.0700000378
1551,03/31/2021,0.7300003941999974
1552,04/01/2021,0.0800000432
1553,04/02/2021,0.100000054
1554,04/03/2021,0.25000013499999996
1555,04/04/2021,0.200000108
1556,04/05/2021,0.06000003239999999
1557,04/06/2021,0.0
1558,04/07/2021,0.5600003024
1559,04/08/2021,0.0
1560,04/09/2021,0.0
1561,04/10/2021,0.0
1562,04/11/2021,0.2200001188
1563,04/12/2021,0.0
1564,04/13/2021,0.18000009719999743
1565,04/14/2021,0.4600002484
1566,04/15/2021,0.0
1567,04/16/2021,0.3200001728
1568,04/17/2021,0.3300001782
1569,04/18/2021,0.5800003131999975
1570,04/19/2021,1.5500008369999974
1571,04/20/2021,0.49000026459999996
1572,04/21/2021,0.5800003131999975
1573,04/22/2021,0.0
1574,04/23/2021,0.0
1575,04/24/2021,0.6600003564
1576,04/25/2021,0.0
1577,04/26/2021,0.0
1578,04/27/2021,0.0200000108
1579,04/28/2021,0.0
1580,04/29/2021,0.0
1581,04/30/2021,0.1100000594
1582,05/01/2021,0.2800001512
1583,05/02/2021,0.0200000108
1584,05/03/2021,0.0
1585,05/04/2021,0.06000003239999999
1586,05/05/2021,0.0
1587,05/06/2021,0.5600003024
1588,05/07/2021,0.6700003617999999
1589,05/08/2021,2.7800015011999974
1590,05/09/2021,0.3300001782
1591,05/10/2021,0.0700000378
1592,05/11/2021,0.15000008099999745
1593,05/12/2021,0.0
1594,05/13/2021,0.0
1595,05/14/2021,0.0
1596,05/15/2021,0.1400000756
1597,05/16/2021,0.0400000216
1598,05/17/2021,0.12000006479999999
1599,05/18/2021,0.200000108
1600,05/19/2021,0.2200001188
1601,05/20/2021,0.0
1602,05/21/2021,0.0400000216
1603,05/22/2021,0.17000009179999997
1604,05/23/2021,0.3300001782
1605,05/24/2021,0.0100000054
1606,05/25/2021,0.6100003293999999
1607,05/26/2021,0.0
1608,05/27/2021,0.0
1609,05/28/2021,0.0
1610,05/29/2021,0.26000014039999997
1611,05/30/2021,0.0
1612,05/31/2021,0.030000016199999997
1613,06/01/2021,0.030000016199999997
1614,06/02/2021,0.0
1615,06/03/2021,0.0700000378
1616,06/04/2021,0.0
1617,06/05/2021,0.3300001782
1618,06/06/2021,1.5700008478
1619,06/07/2021,0.2800001512
1620,06/08/2021,0.0
1621,06/09/2021,0.0700000378
1622,06/10/2021,3.2500017549999995
1623,06/11/2021,0.3200001728
1624,06/12/2021,0.2800001512
1625,06/13/2021,0.7100003833999974
1626,06/14/2021,0.5000002699999999
1627,06/15/2021,0.4700002538
1628,06/16/2021,0.0
1629,06/17/2021,0.0
1630,06/18/2021,0.5300002862
1631,06/19/2021,0.0100000054
1632,06/20/2021,0.3000001619999974
1633,06/21/2021,0.0
1634,06/22/2021,0.17000009179999997
1635,06/23/2021,1.600000864
1636,06/24/2021,0.34000018359999995
1637,06/25/2021,0.06000003239999999
1638,06/26/2021,1.600000864
1639,06/27/2021,0.0700000378
1640,06/28/2021,2.0300010961999972
1641,06/29/2021,0.030000016199999997
1642,06/30/2021,0.050000027
1643,07/01/2021,0.7600004104
1644,07/02/2021,0.0100000054
1645,07/03/2021,0.0
1646,07/04/2021,4.0100021653999995
1647,07/05/2021,1.6400008855999972
1648,07/06/2021,1.0200005507999998
1649,07/07/2021,0.48000025919999995
1650,07/08/2021,0.0100000054
1651,07/09/2021,0.1600000864
1652,07/10/2021,0.0400000216
1653,07/11/2021,0.050000027
1654,07/12/2021,0.12000006479999999
1655,07/13/2021,0.45000024299999997
1656,07/14/2021,0.0
1657,07/15/2021,0.06000003239999999
1658,07/16/2021,0.15000008099999745
1659,07/17/2021,0.06000003239999999
1660,07/18/2021,0.050000027
1661,07/19/2021,0.0
1662,07/20/2021,0.8900004805999999
1663,07/21/2021,0.0700000378
1664,07/22/2021,0.0
1665,07/23/2021,0.21000011339999744
1666,07/24/2021,0.1900001026
1667,07/25/2021,0.0
1668,07/26/2021,0.0
1669,07/27/2021,0.0
1670,07/28/2021,0.24000012959999997
1671,07/29/2021,0.0
1672,07/30/2021,0.0400000216
1673,07/31/2021,0.13000007019999998
1674,08/01/2021,1.3300007182
1675,08/02/2021,0.0
1676,08/03/2021,0.1100000594
1677,08/04/2021,0.6100003293999999
1678,08/05/2021,1.2300006641999974
1679,08/06/2021,1.5600008423999998
1680,08/07/2021,0.7700004158
1681,08/08/2021,0.0
1682,08/09/2021,0.0100000054
1683,08/10/2021,0.0
1684,08/11/2021,0.17000009179999997
1685,08/12/2021,0.3600001943999974
1686,08/13/2021,0.31000016739999997
1687,08/14/2021,0.0
1688,08/15/2021,0.0
1689,08/16/2021,0.0200000108
1690,08/17/2021,0.0200000108
1691,08/18/2021,1.0000005399999998
1692,08/19/2021,0.31000016739999997
1693,08/20/2021,0.09000004859999745
1694,08/21/2021,0.6400003456
1695,08/22/2021,0.1900001026
1696,08/23/2021,0.1100000594
1697,08/24/2021,0.26000014039999997
1698,08/25/2021,0.4300002322
1699,08/26/2021,0.5100002753999999
1700,08/27/2021,0.37000019979999743
1701,08/28/2021,0.5300002862
1702,08/29/2021,0.7600004104
1703,08/30/2021,0.12000006479999999
1704,08/31/2021,0.0
1705,09/01/2021,0.050000027
1706,09/02/2021,0.0
1707,09/03/2021,0.050000027
1708,09/04/2021,0.0
1709,09/05/2021,0.0700000378
1710,09/06/2021,0.5200002807999999
1711,09/07/2021,0.050000027
1712,09/08/2021,0.0200000108
1713,09/09/2021,0.17000009179999997
1714,09/10/2021,0.21000011339999744
1715,09/11/2021,0.4100002213999974
1716,09/12/2021,0.0
1717,09/13/2021,0.0
1718,09/14/2021,0.4100002213999974
1719,09/15/2021,0.13000007019999998
1720,09/16/2021,0.0400000216
1721,09/17/2021,0.0100000054
1722,09/18/2021,0.100000054
1723,09/19/2021,0.0
1724,09/20/2021,0.0
1725,09/21/2021,3.0400016416
1726,09/22/2021,0.0100000054
1727,09/23/2021,0.0
1728,09/24/2021,0.0
1729,09/25/2021,1.4000007559999974
1730,09/26/2021,0.06000003239999999
1731,09/27/2021,0.100000054
1732,09/28/2021,0.13000007019999998
1733,09/29/2021,0.2800001512
1734,09/30/2021,0.0800000432
1735,10/01/2021,0.030000016199999997
1736,10/02/2021,0.7600004104
1737,10/03/2021,0.06000003239999999
1738,10/04/2021,0.25000013499999996
1739,10/05/2021,0.06000003239999999
1740,10/06/2021,0.1600000864
1741,10/07/2021,0.09000004859999745
1742,10/08/2021,0.0
1743,10/09/2021,0.0
1744,10/10/2021,2.8300015281999995
1745,10/11/2021,0.1900001026
1746,10/12/2021,0.0
1747,10/13/2021,0.0
1748,10/14/2021,0.0
1749,10/15/2021,0.0100000054
1750,10/16/2021,0.100000054
1751,10/17/2021,0.34000018359999995
1752,10/18/2021,0.1100000594
1753,10/19/2021,0.9400005076
1754,10/20/2021,1.5300008261999998
1755,10/21/2021,0.100000054
1756,10/22/2021,0.030000016199999997
1757,10/23/2021,0.0
1758,10/24/2021,0.0
1759,10/25/2021,0.0
1760,10/26/2021,0.3000001619999974
1761,10/27/2021,0.0800000432
1762,10/28/2021,0.0
1763,10/29/2021,0.0
1764,10/30/2021,0.0400000216
1765,10/31/2021,0.0
1766,11/01/2021,0.9000004859999999
1767,11/02/2021,0.2200001188
1768,11/03/2021,0.39000021059999995
1769,11/04/2021,1.2900006966
1770,11/05/2021,0.0100000054
1771,11/06/2021,0.0
1772,11/07/2021,0.0
1773,11/08/2021,0.18000009719999743
1774,11/09/2021,0.3300001782
1775,11/10/2021,0.200000108
1776,11/11/2021,0.7800004211999999
1777,11/12/2021,0.9100004913999998
1778,11/13/2021,0.0
1779,11/14/2021,0.0
1780,11/15/2021,0.5000002699999999
1781,11/16/2021,1.0700005778
1782,11/17/2021,1.9900010745999999
1783,11/18/2021,0.0400000216
1784,11/19/2021,0.0400000216
1785,11/20/2021,0.2700001458
1786,11/21/2021,0.0
1787,11/22/2021,0.0
1788,11/23/2021,0.0400000216
1789,11/24/2021,0.12000006479999999
1790,11/25/2021,1.0500005669999999
1791,11/26/2021,0.0
1792,11/27/2021,0.2700001458
1793,11/28/2021,0.13000007019999998
1794,11/29/2021,0.7200003887999974
1795,11/30/2021,0.050000027
1796,12/01/2021,0.5600003024
1797,12/02/2021,0.200000108
1798,12/03/2021,0.3200001728
1799,12/04/2021,0.1600000864
1800,12/05/2021,0.0
1801,12/06/2021,0.0
1802,12/07/2021,2.0700011177999973
1803,12/08/2021,0.0
1804,12/09/2021,0.0
1805,12/10/2021,0.09000004859999745
1806,12/11/2021,0.0
1807,12/12/2021,0.3300001782
1808,12/13/2021,0.0
1809,12/14/2021,0.0200000108
1810,12/15/2021,0.6000003239999974
1811,12/16/2021,1.3700007398
1812,12/17/2021,0.2300001242
1813,12/18/2021,0.39000021059999995
1814,12/19/2021,0.4700002538
1815,12/20/2021,0.1400000756
1816,12/21/2021,0.4100002213999974
1817,12/22/2021,0.1100000594
1818,12/23/2021,0.0400000216
1819,12/24/2021,0.2800001512
1820,12/25/2021,0.18000009719999743
1821,12/26/2021,0.030000016199999997
1822,12/27/2021,0.6900003725999975
1823,12/28/2021,0.5300002862
1824,12/29/2021,0.1100000594
1825,12/30/2021,0.0100000054
1826,12/31/2021,0.1100000594
1827,01/01/2022,0.0
1828,01/02/2022,1.1500006209999973
1829,01/03/2022,0.0
1830,01/04/2022,0.0
1831,01/05/2022,1.0400005615999999
1832,01/06/2022,0.0
1833,01/07/2022,0.0
1834,01/08/2022,0.2800001512
1835,01/09/2022,0.0
1836,01/10/2022,0.06000003239999999
1837,01/11/2022,0.3800002052
1838,01/12/2022,0.0
1839,01/13/2022,1.0500005669999999
1840,01/14/2022,1.3700007398
1841,01/15/2022,0.8600004644
1842,01/16/2022,0.0200000108
1843,01/17/2022,0.200000108
1844,01/18/2022,0.0
1845,01/19/2022,0.0200000108
1846,01/20/2022,0.050000027
1847,01/21/2022,2.5900013985999975
1848,01/22/2022,0.0
1849,01/23/2022,0.0100000054
1850,01/24/2022,0.0
1851,01/25/2022,0.0
1852,01/26/2022,2.5200013608
1853,01/27/2022,0.9300005022000001
1854,01/28/2022,0.0800000432
1855,01/29/2022,0.18000009719999743
1856,01/30/2022,1.1400006155999973
1857,01/31/2022,0.8500004589999999
1858,02/01/2022,0.400000216
1859,02/02/2022,3.3400018035999994
1860,02/03/2022,3.730002014199997
1861,02/04/2022,0.6300003402
1862,02/05/2022,0.0100000054
1863,02/06/2022,0.0
1864,02/07/2022,0.200000108
1865,02/08/2022,1.8600010044000002
1866,02/09/2022,0.400000216
1867,02/10/2022,0.4600002484
1868,02/11/2022,0.0200000108
1869,02/12/2022,0.7700004158
1870,02/13/2022,0.35000018899999746
1871,02/14/2022,0.8600004644
1872,02/15/2022,0.3000001619999974
1873,02/16/2022,0.5800003131999975
1874,02/17/2022,1.2800006912
1875,02/18/2022,1.5300008261999998
1876,02/19/2022,0.1600000864
1877,02/20/2022,0.29000015659999745
1878,02/21/2022,1.5100008153999998
1879,02/22/2022,0.1900001026
1880,02/23/2022,0.550000297
1881,02/24/2022,0.1100000594
1882,02/25/2022,0.650000351
1883,02/26/2022,0.200000108
1884,02/27/2022,0.0200000108
1885,02/28/2022,0.49000026459999996
1886,03/01/2022,0.0800000432
1887,03/02/2022,0.1100000594
1888,03/03/2022,0.35000018899999746
1889,03/04/2022,0.0100000054
1890,03/05/2022,0.0100000054
1891,03/06/2022,0.0
1892,03/07/2022,0.2200001188
1893,03/08/2022,0.050000027
1894,03/09/2022,0.0700000378
1895,03/10/2022,0.800000432
1896,03/11/2022,0.26000014039999997
1897,03/12/2022,0.5000002699999999
1898,03/13/2022,0.050000027
1899,03/14/2022,0.200000108
1900,03/15/2022,0.06000003239999999
1901,03/16/2022,0.030000016199999997
1902,03/17/2022,0.050000027
1903,03/18/2022,0.0
1904,03/19/2022,0.0
1905,03/20/2022,0.0400000216
1906,03/21/2022,0.3600001943999974
1907,03/22/2022,0.0800000432
1908,03/23/2022,0.0
1909,03/24/2022,0.0100000054
1910,03/25/2022,0.8500004589999999
1911,03/26/2022,0.1600000864
1912,03/27/2022,0.0100000054
1913,03/28/2022,0.8200004427999974
1914,03/29/2022,0.0
1915,03/30/2022,0.0
1916,03/31/2022,0.0400000216
1917,04/01/2022,0.0100000054
1918,04/02/2022,0.0700000378
1919,04/03/2022,1.7200009288
1920,04/04/2022,0.13000007019999998
1921,04/05/2022,0.0
1922,04/06/2022,0.0100000054
1923,04/07/2022,0.6800003671999999
1924,04/08/2022,0.0
1925,04/09/2022,0.0100000054
1926,04/10/2022,0.0
1927,04/11/2022,0.0
1928,04/12/2022,0.0
1929,04/13/2022,0.8900004805999999
1930,04/14/2022,0.06000003239999999
1931,04/15/2022,0.2800001512
1932,04/16/2022,0.24000012959999997
1933,04/17/2022,0.17000009179999997
1934,04/18/2022,0.0
1935,04/19/2022,0.0
1936,04/20/2022,0.0
1937,04/21/2022,0.0100000054
1938,04/22/2022,0.4100002213999974
1939,04/23/2022,0.0
1940,04/24/2022,0.1400000756
1941,04/25/2022,0.12000006479999999
1942,04/26/2022,0.1400000756
1943,04/27/2022,0.0
1944,04/28/2022,0.3600001943999974
1945,04/29/2022,0.100000054
1946,04/30/2022,0.2700001458
1947,05/01/2022,0.0
1948,05/02/2022,0.0
1949,05/03/2022,0.0100000054
1950,05/04/2022,0.0100000054
1951,05/05/2022,0.0700000378
1952,05/06/2022,0.0
1953,05/07/2022,0.0
1954,05/08/2022,0.0
1955,05/09/2022,0.2200001188
1956,05/10/2022,0.0
1957,05/11/2022,0.1400000756
1958,05/12/2022,0.050000027
1959,05/13/2022,4.050002186999997
1960,05/14/2022,0.0
1961,05/15/2022,1.9300010421999998
1962,05/16/2022,2.2700012257999997
1963,05/17/2022,0.4100002213999974
1964,05/18/2022,0.8500004589999999
1965,05/19/2022,0.7300003941999974
1966,05/20/2022,0.2200001188
1967,05/21/2022,0.0
1968,05/22/2022,0.12000006479999999
1969,05/23/2022,0.0
1970,05/24/2022,0.2800001512
1971,05/25/2022,0.9700005237999973
1972,05/26/2022,0.37000019979999743
1973,05/27/2022,0.0200000108
1974,05/28/2022,0.0
1975,05/29/2022,0.0
1976,05/30/2022,0.0
1977,05/31/2022,0.0100000054
1978,06/01/2022,0.0
1979,06/02/2022,0.0700000378
1980,06/03/2022,0.0700000378
1981,06/04/2022,0.0700000378
1982,06/05/2022,0.0400000216
1983,06/06/2022,0.0100000054
1984,06/07/2022,0.0700000378
1985,06/08/2022,0.6300003402
1986,06/09/2022,0.050000027
1987,06/10/2022,0.0
1988,06/11/2022,0.0
1989,06/12/2022,0.1400000756
1990,06/13/2022,0.15000008099999745
1991,06/14/2022,0.4300002322
1992,06/15/2022,0.100000054
1993,06/16/2022,0.06000003239999999
1994,06/17/2022,0.3800002052
1995,06/18/2022,0.0
1996,06/19/2022,0.200000108
1997,06/20/2022,0.050000027
1998,06/21/2022,0.030000016199999997
1999,06/22/2022,0.0
2000,06/23/2022,0.7000003779999975
2001,06/24/2022,0.7200003887999974
2002,06/25/2022,2.3300012582
2003,06/26/2022,0.3600001943999974
2004,06/27/2022,0.42000022679999743
2005,06/28/2022,0.6000003239999974
2006,06/29/2022,0.06000003239999999
2007,06/30/2022,0.100000054
2008,07/01/2022,0.0
2009,07/02/2022,0.030000016199999997
2010,07/03/2022,0.1600000864
2011,07/04/2022,0.4300002322
2012,07/05/2022,0.050000027
2013,07/06/2022,0.100000054
2014,07/07/2022,1.2600006804
2015,07/08/2022,0.17000009179999997
2016,07/09/2022,0.0200000108
2017,07/10/2022,0.8800004752
2018,07/11/2022,0.6200003347999999
2019,07/12/2022,1.0300005561999999
2020,07/13/2022,1.0100005454
2021,07/14/2022,0.35000018899999746
2022,07/15/2022,0.550000297
2023,07/16/2022,0.13000007019999998
2024,07/17/2022,0.4400002376
2025,07/18/2022,0.0
2026,07/19/2022,0.24000012959999997
2027,07/20/2022,0.1600000864
2028,07/21/2022,0.17000009179999997
2029,07/22/2022,0.050000027
2030,07/23/2022,0.400000216
2031,07/24/2022,1.5200008208
2032,07/25/2022,0.2300001242
2033,07/26/2022,0.1600000864
2034,07/27/2022,0.0
2035,07/28/2022,0.0200000108
2036,07/29/2022,0.050000027
2037,07/30/2022,0.6400003456
2038,07/31/2022,0.26000014039999997
2039,08/01/2022,0.0200000108
2040,08/02/2022,0.200000108
2041,08/03/2022,0.100000054
2042,08/04/2022,0.800000432
2043,08/05/2022,0.2700001458
2044,08/06/2022,0.12000006479999999
2045,08/07/2022,0.1900001026
2046,08/08/2022,0.0800000432
2047,08/09/2022,0.1400000756
2048,08/10/2022,NA
2049,08/11/2022,NA
2050,08/12/2022,NA
2051,08/13/2022,NA
2052,08/14/2022,0.0
2053,08/15/2022,0.0
2054,08/16/2022,0.0
2055,08/17/2022,0.0
2056,08/18/2022,0.0
2057,08/19/2022,0.0
2058,08/20/2022,0.0
2059,08/21/2022,0.0
2060,08/22/2022,0.0
2061,08/23/2022,0.0
2062,08/24/2022,0.0
2063,08/25/2022,0.0
2064,08/26/2022,0.0
2065,08/27/2022,0.0
2066,08/28/2022,0.0
2067,08/29/2022,0.0
2068,08/30/2022,0.0
2069,08/31/2022,0.0
2070,09/01/2022,0.0
2071,09/02/2022,0.0
2072,09/03/2022,0.0
2073,09/04/2022,0.0
2074,09/05/2022,0.0
2075,09/06/2022,0.0
2076,09/07/2022,0.0
2077,09/08/2022,0.0
2078,09/09/2022,0.0
2079,09/10/2022,0.0
2080,09/11/2022,0.0
2081,09/12/2022,0.0
2082,09/13/2022,0.0
2083,09/14/2022,0.0
2084,09/15/2022,0.0
2085,09/16/2022,0.0
2086,09/17/2022,0.0
2087,09/18/2022,0.0
2088,09/19/2022,0.0
2089,09/20/2022,0.0
2090,09/21/2022,0.0
2091,09/22/2022,0.0
2092,09/23/2022,0.0
2093,09/24/2022,0.0
2094,09/25/2022,0.0
2095,09/26/2022,0.0
2096,09/27/2022,0.0
2097,09/28/2022,0.0
2098,09/29/2022,0.0
2099,09/30/2022,0.0
2100,10/01/2022,0.0
2101,10/02/2022,0.0
2102,10/03/2022,0.0
2103,10/04/2022,0.0
2104,10/05/2022,0.0
2105,10/06/2022,0.5700003077999974
2106,10/07/2022,0.0
2107,10/08/2022,0.0
2108,10/09/2022,0.0
2109,10/10/2022,0.0
2110,10/11/2022,0.0
2111,10/12/2022,0.030000016199999997
2112,10/13/2022,NA
2113,10/14/2022,NA
2114,10/15/2022,NA
2115,10/16/2022,NA
2116,10/17/2022,NA
2117,10/18/2022,0.0
2118,10/19/2022,0.0
2119,10/20/2022,0.0
2120,10/21/2022,0.0
2121,10/22/2022,0.0
2122,10/23/2022,0.0
2123,10/24/2022,0.0
2124,10/25/2022,0.0
2125,10/26/2022,0.0
2126,10/27/2022,0.0
2127,10/28/2022,0.0
2128,10/29/2022,0.0
2129,10/30/2022,0.0
2130,10/31/2022,0.0
2131,11/01/2022,0.0
2132,11/02/2022,0.0
2133,11/03/2022,0.0
2134,11/04/2022,0.0
2135,11/05/2022,0.0
2136,11/06/2022,0.0
2137,11/07/2022,0.0
2138,11/08/2022,0.0
2139,11/09/2022,0.0
2140,11/10/2022,0.0
2141,11/11/2022,0.0
2142,11/12/2022,0.0
2143,11/13/2022,0.0
2144,11/14/2022,0.0
2145,11/15/2022,0.0
2146,11/16/2022,0.0
2147,11/17/2022,0.7200003887999974
2148,11/18/2022,0.0
2149,11/19/2022,0.100000054
2150,11/20/2022,0.0
2151,11/21/2022,0.0
2152,11/22/2022,0.12000006479999999
2153,11/23/2022,0.0200000108
2154,11/24/2022,0.17000009179999997
2155,11/25/2022,0.2700001458
2156,11/26/2022,0.18000009719999743
2157,11/27/2022,0.030000016199999997
2158,11/28/2022,0.7800004211999999
2159,11/29/2022,0.35000018899999746
2160,11/30/2022,1.0700005778
2161,12/01/2022,0.0
2162,12/02/2022,0.2300001242
2163,12/03/2022,0.0200000108
2164,12/04/2022,0.4100002213999974
2165,12/05/2022,0.0
2166,12/06/2022,0.34000018359999995
2167,12/07/2022,0.1600000864
2168,12/08/2022,0.0
2169,12/09/2022,0.09000004859999745
2170,12/10/2022,0.0
2171,12/11/2022,0.030000016199999997
2172,12/12/2022,0.6900003725999975
2173,12/13/2022,0.17000009179999997
2174,12/14/2022,0.3300001782
2175,12/15/2022,1.1400006155999973
2176,12/16/2022,0.0
2177,12/17/2022,1.1400006155999973
2178,12/18/2022,0.29000015659999745
2179,12/19/2022,0.8100004373999999
2180,12/20/2022,0.0200000108
2181,12/21/2022,0.030000016199999997
2182,12/22/2022,0.3600001943999974
2183,12/23/2022,0.0100000054
2184,12/24/2022,0.750000405
2185,12/25/2022,0.2200001188
2186,12/26/2022,0.0100000054
2187,12/27/2022,0.0
2188,12/28/2022,0.0
2189,12/29/2022,0.1600000864
2190,12/30/2022,0.0
2191,12/31/2022,1.0500005669999999
2192,01/01/2023,2.0400011015999997
2193,01/02/2023,4.4100023814
2194,01/03/2023,1.2000006479999974
2195,01/04/2023,0.6000003239999974
2196,01/05/2023,2.0300010961999972
2197,01/06/2023,0.650000351
2198,01/07/2023,0.42000022679999743
2199,01/08/2023,0.6800003671999999
2200,01/09/2023,1.5900008585999998
2201,01/10/2023,0.0
2202,01/11/2023,0.0
2203,01/12/2023,0.12000006479999999
2204,01/13/2023,0.2300001242
2205,01/14/2023,0.0700000378
2206,01/15/2023,0.4100002213999974
2207,01/16/2023,0.1600000864
2208,01/17/2023,0.5100002753999999
2209,01/18/2023,0.21000011339999744
2210,01/19/2023,0.1100000594
2211,01/20/2023,0.0
2212,01/21/2023,0.21000011339999744
2213,01/22/2023,0.0200000108
2214,01/23/2023,0.0
2215,01/24/2023,0.0
2216,01/25/2023,0.18000009719999743
2217,01/26/2023,0.31000016739999997
2218,01/27/2023,0.8300004482
2219,01/28/2023,0.6200003347999999
2220,01/29/2023,0.0
2221,01/30/2023,0.4700002538
2222,01/31/2023,1.5200008208
2223,02/01/2023,2.0900011285999973
2224,02/02/2023,0.400000216
2225,02/03/2023,0.49000026459999996
2226,02/04/2023,0.09000004859999745
2227,02/05/2023,0.1600000864
2228,02/06/2023,0.0100000054
2229,02/07/2023,0.7900004265999999
2230,02/08/2023,0.0700000378
2231,02/09/2023,0.0100000054
2232,02/10/2023,0.26000014039999997
2233,02/11/2023,0.17000009179999997
2234,02/12/2023,0.0
2235,02/13/2023,0.12000006479999999
2236,02/14/2023,0.4700002538
2237,02/15/2023,0.0
2238,02/16/2023,0.06000003239999999
2239,02/17/2023,0.0100000054
2240,02/18/2023,0.13000007019999998
2241,02/19/2023,0.12000006479999999
2242,02/20/2023,2.3200012527999974
2243,02/21/2023,1.0200005507999998
2244,02/22/2023,0.8500004589999999
2245,02/23/2023,0.42000022679999743
2246,02/24/2023,0.0
2247,02/25/2023,0.0200000108
2248,02/26/2023,0.13000007019999998
2249,02/27/2023,0.0700000378
2250,02/28/2023,0.0
2251,03/01/2023,0.0
2252,03/02/2023,0.0
2253,03/03/2023,0.0
2254,03/04/2023,0.0
2255,03/05/2023,1.5900008585999998
2256,03/06/2023,0.0
2257,03/07/2023,0.0200000108
2258,03/08/2023,2.1100011394
2259,03/09/2023,2.1700011717999974
2260,03/10/2023,1.4400007775999972
2261,03/11/2023,0.4600002484
2262,03/12/2023,0.0
2263,03/13/2023,0.0
2264,03/14/2023,0.0
2265,03/15/2023,0.0700000378
2266,03/16/2023,0.0
2267,03/17/2023,0.0
2268,03/18/2023,0.5300002862
2269,03/19/2023,1.1600006263999973
2270,03/20/2023,0.0100000054
2271,03/21/2023,1.0400005615999999
2272,03/22/2023,0.0100000054
2273,03/23/2023,0.7600004104
2274,03/24/2023,0.2300001242
2275,03/25/2023,0.3600001943999974
2276,03/26/2023,0.1100000594
2277,03/27/2023,0.0
2278,03/28/2023,0.15000008099999745
2279,03/29/2023,0.030000016199999997
2280,03/30/2023,0.0
2281,03/31/2023,0.1400000756
2282,04/01/2023,0.0
2283,04/02/2023,0.0400000216
2284,04/03/2023,0.0
2285,04/04/2023,0.0
2286,04/05/2023,0.100000054
2287,04/06/2023,0.48000025919999995
2288,04/07/2023,0.0200000108
2289,04/08/2023,0.21000011339999744
2290,04/09/2023,0.200000108
2291,04/10/2023,0.7000003779999975
2292,04/11/2023,0.17000009179999997
2293,04/12/2023,0.0
2294,04/13/2023,0.800000432
2295,04/14/2023,0.6600003564
2296,04/15/2023,1.8700010098
2297,04/16/2023,0.050000027
2298,04/17/2023,2.7400014796
2299,04/18/2023,0.7600004104
2300,04/19/2023,0.26000014039999997
2301,04/20/2023,0.1400000756
2302,04/21/2023,0.8700004697999999
2303,04/22/2023,3.5600019223999997
2304,04/23/2023,0.39000021059999995
2305,04/24/2023,2.0800011231999997
2306,04/25/2023,0.0200000108
2307,04/26/2023,1.4200007667999974
2308,04/27/2023,0.0400000216
2309,04/28/2023,0.0
2310,04/29/2023,0.0
2311,04/30/2023,0.0100000054
2312,05/01/2023,0.050000027
2313,05/02/2023,0.6800003671999999
2314,05/03/2023,0.9900005345999974
2315,05/04/2023,0.100000054
2316,05/05/2023,1.50000081
2317,05/06/2023,0.0
2318,05/07/2023,0.0
2319,05/08/2023,0.030000016199999997
2320,05/09/2023,0.0
2321,05/10/2023,0.0
2322,05/11/2023,0.0200000108
2323,05/12/2023,0.0200000108
2324,05/13/2023,1.3200007128
2325,05/14/2023,0.0
2326,05/15/2023,0.4400002376
2327,05/16/2023,0.29000015659999745
2328,05/17/2023,1.9500010529999998
2329,05/18/2023,1.4900008046
2330,05/19/2023,0.0200000108
2331,05/20/2023,0.0
2332,05/21/2023,0.7900004265999999
2333,05/22/2023,0.7000003779999975
2334,05/23/2023,0.06000003239999999
2335,05/24/2023,0.0
2336,05/25/2023,0.8900004805999999
2337,05/26/2023,2.6800014471999996
2338,05/27/2023,0.0
2339,05/28/2023,0.25000013499999996
2340,05/29/2023,0.1600000864
2341,05/30/2023,0.7000003779999975
2342,05/31/2023,0.0
2343,06/01/2023,0.25000013499999996
2344,06/02/2023,0.050000027
2345,06/03/2023,0.0
2346,06/04/2023,0.13000007019999998
2347,06/05/2023,0.030000016199999997
2348,06/06/2023,0.0
2349,06/07/2023,1.4200007667999974
2350,06/08/2023,0.0100000054
2351,06/09/2023,0.0
2352,06/10/2023,0.100000054
2353,06/11/2023,0.0
2354,06/12/2023,0.3200001728
2355,06/13/2023,0.15000008099999745
2356,06/14/2023,0.2800001512
2357,06/15/2023,0.24000012959999997
2358,06/16/2023,0.0200000108
2359,06/17/2023,0.7000003779999975
2360,06/18/2023,1.1700006317999998
2361,06/19/2023,0.0700000378
2362,06/20/2023,1.7400009395999998
2363,06/21/2023,0.4400002376
2364,06/22/2023,0.0
2365,06/23/2023,0.0
2366,06/24/2023,0.09000004859999745
2367,06/25/2023,0.0
2368,06/26/2023,0.0
2369,06/27/2023,0.0400000216
2370,06/28/2023,0.0
2371,06/29/2023,0.0
2372,06/30/2023,0.0
2373,07/01/2023,0.0
2374,07/02/2023,0.0
2375,07/03/2023,0.0
2376,07/04/2023,0.0700000378
2377,07/05/2023,0.0
2378,07/06/2023,0.0
2379,07/07/2023,0.0800000432
2380,07/08/2023,0.0
2381,07/09/2023,0.17000009179999997
2382,07/10/2023,0.0
2383,07/11/2023,0.17000009179999997
2384,07/12/2023,0.6800003671999999
2385,07/13/2023,0.4300002322
2386,07/14/2023,0.5000002699999999
2387,07/15/2023,0.9000004859999999
2388,07/16/2023,0.1100000594
2389,07/17/2023,0.6900003725999975
2390,07/18/2023,0.800000432
2391,07/19/2023,0.0400000216
2392,07/20/2023,0.26000014039999997
2393,07/21/2023,0.1400000756
2394,07/22/2023,0.030000016199999997
2395,07/23/2023,0.0
2396,07/24/2023,0.0
2397,07/25/2023,0.0
2398,07/26/2023,0.3800002052
2399,07/27/2023,0.0
2400,07/28/2023,0.17000009179999997
2401,07/29/2023,1.6900009126
2402,07/30/2023,0.06000003239999999
2403,07/31/2023,0.24000012959999997
2404,08/01/2023,0.0100000054
2405,08/02/2023,0.0
2406,08/03/2023,0.0
2407,08/04/2023,0.0
2408,08/05/2023,0.030000016199999997
2409,08/06/2023,0.0200000108
2410,08/07/2023,0.0
2411,08/08/2023,0.0
2412,08/09/2023,0.0
2413,08/10/2023,0.0
2414,08/11/2023,0.0
2415,08/12/2023,0.13000007019999998
2416,08/13/2023,0.0400000216
2417,08/14/2023,0.0100000054
2418,08/15/2023,0.0400000216
2419,08/16/2023,0.0
2420,08/17/2023,0.21000011339999744
2421,08/18/2023,0.0
2422,08/19/2023,0.0
2423,08/20/2023,0.0
2424,08/21/2023,0.0
2425,08/22/2023,0.0
2426,08/23/2023,0.0
2427,08/24/2023,0.26000014039999997
2428,08/25/2023,0.050000027
2429,08/26/2023,1.4000007559999974
2430,08/27/2023,0.0
2431,08/28/2023,0.050000027
2432,08/29/2023,0.030000016199999997
2433,08/30/2023,0.0
2434,08/31/2023,NA
2435,09/01/2023,NA
2436,09/02/2023,NA
2437,09/03/2023,NA
2438,09/04/2023,NA
2439,09/05/2023,NA
2440,09/06/2023,NA
2441,09/07/2023,NA
2442,09/08/2023,NA
2443,09/09/2023,NA
2444,09/10/2023,NA
2445,09/11/2023,NA
2446,09/12/2023,NA
2447,09/13/2023,NA
2448,09/14/2023,NA
2449,09/15/2023,NA
2450,09/16/2023,NA
2451,09/17/2023,NA
2452,09/18/2023,NA
2453,09/19/2023,NA
2454,09/20/2023,NA
2455,09/21/2023,NA
2456,09/22/2023,NA
2457,09/23/2023,NA
2458,09/24/2023,NA
2459,09/25/2023,NA
2460,09/26/2023,NA
2461,09/27/2023,NA
2462,09/28/2023,NA
2463,09/29/2023,NA
2464,09/30/2023,NA
2465,10/01/2023,NA
2466,10/02/2023,NA
2467,10/03/2023,NA
2468,10/04/2023,NA
2469,10/05/2023,NA
2470,10/06/2023,NA
2471,10/07/2023,NA
2472,10/08/2023,NA
2473,10/09/2023,NA
2474,10/10/2023,NA
2475,10/11/2023,NA
2476,10/12/2023,NA
2477,10/13/2023,NA
2478,10/14/2023,NA
2479,10/15/2023,NA
2480,10/16/2023,NA
2481,10/17/2023,NA
2482,10/18/2023,NA
2483,10/19/2023,NA
2484,10/20/2023,NA
2485,10/21/2023,NA
2486,10/22/2023,NA
2487,10/23/2023,NA
2488,10/24/2023,NA
2489,10/25/2023,NA
2490,10/26/2023,NA
2491,10/27/2023,NA
2492,10/28/2023,NA
2493,10/29/2023,NA
2494,10/30/2023,NA
2495,10/31/2023,NA
2496,11/01/2023,NA
2497,11/02/2023,NA
2498,11/03/2023,NA
2499,11/04/2023,NA
2500,11/05/2023,NA
2501,11/06/2023,NA
2502,11/07/2023,NA
2503,11/08/2023,NA
2504,11/09/2023,NA
2505,11/10/2023,NA
2506,11/11/2023,NA
2507,11/12/2023,NA
2508,11/13/2023,NA
2509,11/14/2023,NA
2510,11/15/2023,NA
2511,11/16/2023,NA
2512,11/17/2023,NA
2513,11/18/2023,NA
2514,11/19/2023,NA
2515,11/20/2023,NA
2516,11/21/2023,NA
2517,11/22/2023,NA
2518,11/23/2023,NA
2519,11/24/2023,NA
2520,11/25/2023,NA
2521,11/26/2023,NA
2522,11/27/2023,NA
2523,11/28/2023,NA
2524,11/29/2023,NA
2525,11/30/2023,NA
2526,12/01/2023,NA
2527,12/02/2023,NA
2528,12/03/2023,NA
2529,12/04/2023,NA
2530,12/05/2023,NA
2531,12/06/2023,NA
2532,12/07/2023,NA
2533,12/08/2023,NA
2534,12/09/2023,NA
2535,12/10/2023,NA
2536,12/11/2023,NA
2537,12/12/2023,NA
2538,12/13/2023,NA
2539,12/14/2023,NA
2540,12/15/2023,NA
2541,12/16/2023,NA
2542,12/17/2023,NA
2543,12/18/2023,NA
2544,12/19/2023,NA
2545,12/20/2023,NA
2546,12/21/2023,NA
2547,12/22/2023,NA
2548,12/23/2023,NA
2549,12/24/2023,NA
2550,12/25/2023,NA
2551,12/26/2023,NA
2552,12/27/2023,NA
2553,12/28/2023,NA
2554,12/29/2023,NA
2555,12/30/2023,NA
2556,12/31/2023,NA
2557,01/01/2024,NA
2558,01/02/2024,NA
2559,01/03/2024,NA
2560,01/04/2024,NA
2561,01/05/2024,NA
2562,01/06/2024,NA
2563,01/07/2024,NA
2564,01/08/2024,NA
2565,01/09/2024,NA
2566,01/10/2024,NA
2567,01/11/2024,NA
2568,01/12/2024,NA
2569,01/13/2024,NA
2570,01/14/2024,NA
2571,01/15/2024,NA
2572,01/16/2024,NA
2573,01/17/2024,NA
2574,01/18/2024,NA
2575,01/19/2024,NA
2576,01/20/2024,NA
2577,01/21/2024,NA
2578,01/22/2024,NA
2579,01/23/2024,NA
2580,01/24/2024,NA
2581,01/25/2024,NA
2582,01/26/2024,NA
2583,01/27/2024,NA
2584,01/28/2024,NA
2585,01/29/2024,NA
2586,01/30/2024,NA
2587,01/31/2024,NA
2588,02/01/2024,NA
2589,02/02/2024,NA
2590,02/03/2024,NA
2591,02/04/2024,NA
2592,02/05/2024,NA
2593,02/06/2024,NA
2594,02/07/2024,NA
2595,02/08/2024,NA
2596,02/09/2024,NA
2597,02/10/2024,NA
2598,02/11/2024,NA
2599,02/12/2024,NA
2600,02/13/2024,NA
2601,02/14/2024,NA
2602,02/15/2024,NA
2603,02/16/2024,NA
2604,02/17/2024,NA
2605,02/18/2024,NA
2606,02/19/2024,NA
2607,02/20/2024,NA
2608,02/21/2024,NA
2609,02/22/2024,NA
2610,02/23/2024,0.0700000378
2611,02/24/2024,0.35000018899999746
2612,02/25/2024,0.0
2613,02/26/2024,0.0
2614,02/27/2024,0.0
2615,02/28/2024,0.26000014039999997
2616,02/29/2024,0.030000016199999997
2617,03/01/2024,0.100000054
2618,03/02/2024,0.5400002916
2619,03/03/2024,0.7100003833999974
2620,03/04/2024,0.09000004859999745
2621,03/05/2024,0.0
2622,03/06/2024,0.7700004158
2623,03/07/2024,2.5500013769999974
2624,03/08/2024,0.1400000756
2625,03/09/2024,0.0200000108
2626,03/10/2024,0.0
2627,03/11/2024,0.06000003239999999
2628,03/12/2024,0.6600003564
2629,03/13/2024,0.0
2630,03/14/2024,1.1500006209999973
2631,03/15/2024,0.0
2632,03/16/2024,0.0
2633,03/17/2024,0.0
2634,03/18/2024,0.0
2635,03/19/2024,0.0
2636,03/20/2024,0.0
2637,03/21/2024,0.0
2638,03/22/2024,0.0
2639,03/23/2024,0.17000009179999997
2640,03/24/2024,0.0
2641,03/25/2024,0.0
2642,03/26/2024,0.29000015659999745
2643,03/27/2024,0.1600000864
2644,03/28/2024,0.0
2645,03/29/2024,1.2200006587999999
2646,03/30/2024,0.0200000108
2647,03/31/2024,0.1400000756
2648,04/01/2024,0.37000019979999743
2649,04/02/2024,0.3600001943999974
2650,04/03/2024,0.0400000216
2651,04/04/2024,0.48000025919999995
2652,04/05/2024,0.0100000054
2653,04/06/2024,0.15000008099999745
2654,04/07/2024,0.0200000108
2655,04/08/2024,0.3300001782
2656,04/09/2024,0.42000022679999743
2657,04/10/2024,0.0100000054
2658,04/11/2024,0.0100000054
2659,04/12/2024,1.5900008585999998
2660,04/13/2024,0.0
2661,04/14/2024,0.0400000216
2662,04/15/2024,0.6900003725999975
2663,04/16/2024,0.09000004859999745
2664,04/17/2024,0.26000014039999997
2665,04/18/2024,0.0
2666,04/19/2024,0.0
2667,04/20/2024,0.3000001619999974
2668,04/21/2024,0.4300002322
2669,04/22/2024,0.0
2670,04/23/2024,0.0
2671,04/24/2024,0.0
2672,04/25/2024,0.050000027
2673,04/26/2024,0.0700000378
2674,04/27/2024,0.050000027
2675,04/28/2024,0.06000003239999999
2676,04/29/2024,0.750000405
2677,04/30/2024,0.8500004589999999
2678,05/01/2024,0.0200000108
2679,05/02/2024,0.9100004913999998
2680,05/03/2024,1.3100007074
2681,05/04/2024,0.6200003347999999
2682,05/05/2024,0.35000018899999746
2683,05/06/2024,0.100000054
2684,05/07/2024,0.12000006479999999
2685,05/08/2024,0.6400003456
2686,05/09/2024,2.4000012959999975
2687,05/10/2024,2.450001323
2688,05/11/2024,0.8400004535999973
2689,05/12/2024,0.2700001458
2690,05/13/2024,0.0400000216
2691,05/14/2024,0.550000297
2692,05/15/2024,0.48000025919999995
2693,05/16/2024,0.0200000108
2694,05/17/2024,0.3000001619999974
2695,05/18/2024,0.09000004859999745
2696,05/19/2024,0.06000003239999999
2697,05/20/2024,0.050000027
2698,05/21/2024,0.0
2699,05/22/2024,0.0
2700,05/23/2024,0.0
2701,05/24/2024,0.0
2702,05/25/2024,0.0
2703,05/26/2024,0.0
2704,05/27/2024,0.0200000108
2705,05/28/2024,0.0400000216
2706,05/29/2024,0.2800001512
2707,05/30/2024,1.2600006804
2708,05/31/2024,2.5900013985999975
2709,06/01/2024,4.930002662199997
2710,06/02/2024,1.4400007775999972
2711,06/03/2024,0.3200001728
2712,06/04/2024,0.24000012959999997
2713,06/05/2024,0.3600001943999974
2714,06/06/2024,0.0
2715,06/07/2024,0.0
2716,06/08/2024,0.12000006479999999
2717,06/09/2024,0.0
2718,06/10/2024,0.18000009719999743
2719,06/11/2024,2.9400015876
2720,06/12/2024,2.310001247399997
2721,06/13/2024,0.100000054
2722,06/14/2024,0.0
2723,06/15/2024,0.09000004859999745
2724,06/16/2024,0.1400000756
2725,06/17/2024,0.050000027
2726,06/18/2024,0.0200000108
2727,06/19/2024,0.050000027
2728,06/20/2024,0.3000001619999974
2729,06/21/2024,0.18000009719999743
2730,06/22/2024,0.0200000108
2731,06/23/2024,0.0
2732,06/24/2024,0.0
2733,06/25/2024,0.0
2734,06/26/2024,0.0
2735,06/27/2024,0.0200000108
2736,06/28/2024,0.0
2737,06/29/2024,0.2800001512
2738,06/30/2024,0.0
2739,07/01/2024,0.0
2740,07/02/2024,0.15000008099999745
2741,07/03/2024,0.0200000108
2742,07/04/2024,0.0
2743,07/05/2024,0.0200000108
2744,07/06/2024,1.0500005669999999
2745,07/07/2024,1.8400009936
2746,07/08/2024,2.1200011448
2747,07/09/2024,0.5800003131999975
2748,07/10/2024,0.0100000054
2749,07/11/2024,0.24000012959999997
2750,07/12/2024,0.0
2751,07/13/2024,0.0
2752,07/14/2024,0.0
2753,07/15/2024,0.0
2754,07/16/2024,0.0
2755,07/17/2024,0.0
2756,07/18/2024,0.0
2757,07/19/2024,0.0
2758,07/20/2024,0.0
2759,07/21/2024,0.0
2760,07/22/2024,0.0
2761,07/23/2024,0.0
2762,07/24/2024,0.0
2763,07/25/2024,0.0
2764,07/26/2024,0.0
2765,07/27/2024,0.0
2766,07/28/2024,0.0
2767,07/29/2024,0.0
2768,07/30/2024,0.0
2769,07/31/2024,0.0
2770,08/01/2024,0.0
2771,08/02/2024,0.0
2772,08/03/2024,0.0
2773,08/04/2024,0.0
2774,08/05/2024,0.0
2775,08/06/2024,0.0
2776,08/07/2024,0.0
2777,08/08/2024,0.0
2778,08/09/2024,0.0
2779,08/10/2024,0.0
2780,08/11/2024,0.0
2781,08/12/2024,0.0
2782,08/13/2024,0.0
2783,08/14/2024,0.0
2784,08/15/2024,0.0
2785,08/16/2024,0.37000019979999743
2786,08/17/2024,0.1600000864
2787,08/18/2024,0.3600001943999974
2788,08/19/2024,0.030000016199999997
2789,08/20/2024,0.0
2790,08/21/2024,0.8600004644
2791,08/22/2024,0.0
2792,08/23/2024,0.0100000054
2793,08/24/2024,0.0
2794,08/25/2024,0.0100000054
2795,08/26/2024,0.0
2796,08/27/2024,0.0
2797,08/28/2024,0.0
2798,08/29/2024,0.0
2799,08/30/2024,1.329843238114958
2800,08/31/2024,4.7800025812
2801,09/01/2024,0.0100000054
2802,09/02/2024,0.0
2803,09/03/2024,0.0
2804,09/04/2024,0.030000016199999997
2805,09/05/2024,1.8400009936
2806,09/06/2024,1.9700010637999996
2807,09/07/2024,0.48000025919999995
2808,09/08/2024,0.0
2809,09/09/2024,0.15000008099999745
2810,09/10/2024,0.0200000108
2811,09/11/2024,0.0400000216
2812,09/12/2024,0.0200000108
2813,09/13/2024,0.0700000378
2814,09/14/2024,0.0
2815,09/15/2024,0.0
2816,09/16/2024,0.0
2817,09/17/2024,0.0
2818,09/18/2024,0.0
2819,09/19/2024,0.0
2820,09/20/2024,0.0
2821,09/21/2024,0.1600000864
2822,09/22/2024,0.12000006479999999
2823,09/23/2024,2.3800012851999996
2824,09/24/2024,1.7300009341999998
2825,09/25/2024,2.3800012851999996
2826,09/26/2024,0.34000018359999995
2827,09/27/2024,0.1900001026
2828,09/28/2024,0.100000054
2829,09/29/2024,1.0100005454
2830,09/30/2024,1.8300009882
2831,10/01/2024,0.200000108
2832,10/02/2024,0.3600001943999974
2833,10/03/2024,0.0200000108
2834,10/04/2024,0.0
2835,10/05/2024,0.09000004859999745
2836,10/06/2024,0.1400000756
2837,10/07/2024,0.0
2838,10/08/2024,0.1900001026
2839,10/09/2024,0.0100000054
2840,10/10/2024,0.24000012959999997
2841,10/11/2024,0.0
2842,10/12/2024,0.0
2843,10/13/2024,0.0
2844,10/14/2024,0.0
2845,10/15/2024,0.0
2846,10/16/2024,0.0
2847,10/17/2024,0.06000003239999999
2848,10/18/2024,0.0
2849,10/19/2024,0.0100000054
2850,10/20/2024,0.0
2851,10/21/2024,0.0
2852,10/22/2024,0.45000024299999997
2853,10/23/2024,0.9400005076
2854,10/24/2024,0.0
2855,10/25/2024,1.2800006912
2856,10/26/2024,0.17000009179999997
2857,10/27/2024,0.1400000756
2858,10/28/2024,0.0
2859,10/29/2024,0.100000054
2860,10/30/2024,0.050000027
2861,10/31/2024,0.0
2862,11/01/2024,0.2200001188
2863,11/02/2024,0.0
2864,11/03/2024,0.0100000054
2865,11/04/2024,0.4400002376
2866,11/05/2024,0.48000025919999995
2867,11/06/2024,0.17000009179999997
2868,11/07/2024,0.030000016199999997
2869,11/08/2024,0.1600000864
2870,11/09/2024,2.310001247399997
2871,11/10/2024,0.3600001943999974
2872,11/11/2024,0.0
2873,11/12/2024,0.0100000054
2874,11/13/2024,0.15000008099999745
2875,11/14/2024,0.9100004913999998
2876,11/15/2024,0.3800002052
2877,11/16/2024,0.6800003671999999
2878,11/17/2024,0.3800002052
2879,11/18/2024,0.5100002753999999
2880,11/19/2024,0.200000108
2881,11/20/2024,0.8400004535999973
2882,11/21/2024,0.7800004211999999
2883,11/22/2024,1.7700009557999998
2884,11/23/2024,0.45000024299999997
2885,11/24/2024,0.0
2886,11/25/2024,0.030000016199999997
2887,11/26/2024,0.030000016199999997
2888,11/27/2024,1.1600006263999973
2889,11/28/2024,1.4300007721999974
2890,11/29/2024,1.2199219187574804
2891,11/30/2024,0.2300001242
2892,12/01/2024,0.100000054
2893,12/02/2024,0.100000054
2894,12/03/2024,1.3600007343999998
2895,12/04/2024,0.3600001943999974
2896,12/05/2024,0.4400002376
2897,12/06/2024,0.0
2898,12/07/2024,1.2800006912
2899,12/08/2024,0.4400002376
2900,12/09/2024,1.1599218863574776
2901,12/10/2024,0.0100000054
2902,12/11/2024,0.06000003239999999
2903,12/12/2024,0.35000018899999746
2904,12/13/2024,0.1900001026
2905,12/14/2024,0.0200000108
2906,12/15/2024,1.0800005832
2907,12/16/2024,0.750000405
2908,12/17/2024,0.45000024299999997
2909,12/18/2024,0.3200001728
2910,12/19/2024,2.3200012527999974
2911,12/20/2024,0.100000054
2912,12/21/2024,0.0100000054
2913,12/22/2024,0.1400000756
2914,12/23/2024,0.1400000756
2915,12/24/2024,0.0
2916,12/25/2024,1.9100010313999976
2917,12/26/2024,0.0
2918,12/27/2024,0.0
2919,12/28/2024,0.0
2920,12/29/2024,0.030000016199999997
2921,12/30/2024,0.0
2922,12/31/2024,0.2200001188
